"Country","Happiness_Rank","Happiness_Score","Adolescent fertility rate (births per 1,000 women ages 15-19)","Average precipitation in depth (mm per year)","Business extent of disclosure index (0=less to 10=more)","Cost of business start-up procedures (% of GNI per capita)","Cost to export (US$ per container)","DEC alternative conversion factor (LCU per US$)","Depth of credit information index (0=low to 8=high)","Diabetes prevalence (% of pop. ages 20 to 79)","Documents to export (number)","Documents to import (number)","Ease of doing business index (1=most business-friendly regulations)","Fixed telephone subscriptions","Fixed telephone subscriptions (per 100 people)","Immunization, measles (% of children ages 12-23 months)","Improved sanitation facilities (% of pop.)","Improved water source (% of pop.)","Improved water source, urban (% of urban pop.)","Incidence of tuberculosis (per 100,000 people)","Internet users (per 100 people)","Labor force particip. rate for ages 15-24, female (%)","Labor force particip. rate for ages 15-24, male (%)","Labor force particip. rate, male (% of male pop. ages 15-64)","Labor force particip. rate, male (% of male pop. ages 15+)","Labor force particip. rate, total (% of ttl. pop. ages 15-64)","Labor force particip. rate, total (% of ttl. pop. ages 15+)","Lifetime risk of maternal death (%)","Lifetime risk of maternal death (1 in: rate varies by country)","Merchandies imports by economy, residual (%of ttl.)","Merchandise exports by economy (current US$)","Merchandise exports by economy, residual (% of ttl.)","Merchandise imports by economy (current US$)","Merchandise imports from high-income economies (%of ttl.)","Mobile cellular subscriptions (per 100 people)","Mortality rate, infant (per 1,000 live births)","Number of infant deaths","Number of maternal deaths","Official entrance age to lower secondary education (years)","Official entrance age to primary education (years)","Population ages 65 and above (% of ttl.)","Population density (people per sq. km of land area)","Population growth (annual %)","Population, ages 0-14 (% of ttl.)","Population, ages 15-64 (% of ttl.)","Population, female (% of ttl.)","Private credit bureau coverage (% of adults)","Procedures to build a warehouse (number)","Procedures to register property (number)","Public credit registry coverage (% of adults)","Pump price for gasoline (US$ per liter)","Ratio of female to male labor force particip. rate (%)","Refugee pop. by country or territory of asylum","Refugee pop. by country or territory of origin","Rural pop.","Rural pop. growth (annual %)","Secure Internet servers","Secure Internet servers (per 1 million people)","Start-up procedures to register a business (number)","Strength of legal rights index (0=weak to 12=strong)","Surface area (sq. km)","Tax payments (number)","Theoretical duration of primary education (years)","Theoretical duration of secondary education (years)","Time required to build a warehouse (days)","Time required to enforce a contract (days)","Time required to get electricity (days)","Time required to register property (days)","Time required to start a business (days)","Time to export (days)","Time to prepare and pay taxes (hours)","Total tax rate (% of commercial profits)","Unemp., female (% of female labor force)","Unemp., male (% of male labor force)","Urban pop.","Urban pop. growth (annual %)"
"Afghanistan",153,3.575,76.7336,327,1,15.1,5045,57.4311,0,8.07,10,10,175,101931,0.325860971995413,66,31.8,55.2,78.2,189,6.39,13.3999996185303,60.7999992370605,80.8000030517578,79.3000030517578,48.9000015258789,47.7999992370605,2.15319131812495,46,7.10705255577188e-09,658401430.6,-1.55927638952624e-08,8039346601,33.7235128608378,74.8828424132874,68.1,69579,4600,13,7,2.43468454325801,48.4445455380939,3.03347255254667,44.8709961512615,52.6943193054805,48.4580889811546,0,11,9,0,1.07,20.0504401092553,280267,2593368,23315165,2.4774933646149,32,1.0117775331384,3,9,652860,20,6,6,353,1642,114,250,7,86,275,36.3,14,8.19999980926514,8312341,4.60963006738531
"Albania",95,4.959,21.4896,1485,7,10.1,745,105.4792,6,2.57,7,8,62,247070,7.75629408180352,98,93.2,95.1,94.9,19,60.1,30.8999996185303,42.2999992370605,74.1999969482422,65.599998474121,63,55.0999984741211,0.0528783697299301,1900,1.14299997420225,2329404376,7.81566797166101,5222514027,70.598928936403,105.469965746985,12.9,561,11,11,6,12.0622519618116,105.637773722628,-0.0998300968586222,18.9304268021744,69.007321236014,50.2597523044106,0,19,6,16.7,1.76,68.2926833523234,104,10140,1261731,-2.42623908809272,69,23.838519938849,6,7,28750,34,5,7,228,525,177,22,5.5,19,357,31.4,14.8000001907349,16.8999996185303,1632744,1.73576171248059
"Algeria",68,5.605,10.7914,89,4,11,1270,80.579,0,7.29,8,9,161,3092558,7.74515290874062,95,87.4,84,84.9,78,18.09,9.80000019073486,47.4000015258789,76.5,72.5,46.7999992370605,44.2000007629395,0.430674101847726,230,0.0627828974295664,53308652466,-1.82810892515735e-09,60294770575,71.2287043387535,93.3107502183817,22,21375,1300,11,6,5.80344587376273,16.3470126882027,1.94039918384128,28.2059094679775,65.9906446582597,49.6776392784836,0,18,10,2,0.27,21.2413787841797,94128,3523,11630075,-0.110668893745777,77,1.97768889535904,13,2,2381740,27,5,7,205,630,180,55,22,17,385,72.7,16.7999992370605,8,27304259,2.82697811328839
"Angola",137,4.033,166.6028,1010,4,118.8,2060,98.643,0,2.61,10,9,183,281327,1.27083020794668,85,51.1,48.6,75.4,370,21.26,49.9000015258789,55.7000007629395,77.8000030517578,76.8000030517578,71.099998474121,70,3.23117354674841,31,0.000556037994594343,58738519217,7.0473584022924e-10,27797618622,57.5653153199531,63.4792082001473,98.8,105154,5400,12,6,2.30859331725355,19.4333231731772,3.26955240572046,47.8503168544999,49.8410898282466,50.3928218170375,0,10,7,1.8,0.76,82.6822883811677,15474,9507,13743305,1.89693163168055,110,4.54029062152616,8,1,1246700,30,6,6,203,1296,145,190,66,40,282,52,7.30000019073486,6.40000009536743,10484219,5.09787908903412
"Argentina",30,6.574,63.8512,591,7,15.1,1770,8.2314,8,5.65,6,8,117,9439138,22.5799817597369,95,96.1,98.9,98.9,24,64.7,31.3999996185303,50.5,81.9000015258789,75.099998474121,68.5,60.9000015258789,0.130655156412624,770,1.08239684621481,69588619445,2.59808954063134,66464610193,49.3045755683129,158.735761979517,11.5,8723,400,12,6,10.8089836893072,15.7051131110941,1.03305555285726,25.3464271985317,63.8445891121611,51.0732566797424,100,21,7,41.2,1.52,63.382156379835,3498,318,3608603,-0.761131311665493,2266,52.7221644770527,14,2,2780400,9,6,6,341,590,92,51.5,25,12,405,137.4,9.80000019073486,7.09999990463257,39371423,1.19912436653272
"Armenia",127,4.35,23.5084,562,5,1,1885,415.9198,8,2.58,5,8,38,564476,18.9168194263386,97,89.5,100,100,45,46.3,30.6000003814697,42.4000015258789,76.4000015258789,73.099998474121,67.8000030517578,63.7999992370605,0.044836440084129,2200,0.161421485627518,1519286858,1.19063710087065,4401599931,63.5413897865222,115.923210198426,13.2,556,10,10,6,10.5795977185467,105.590235335441,0.465529171376968,18.6636812352261,70.7567210462272,52.7845213518669,65.8,20,3,23.5,1.3,74.5554051130304,3190,11850,1117929,0.904854254548831,123,40.9160675068543,2,5,29740,10,4,7,84,570,180,7,3,16,313,20.1,18.7999992370605,15.8000001907349,1888225,0.206332222369208
"Australia",10,7.284,14.405,534,8,0.7,1200,1.0893,7,4.08,5,7,12,9190000,38.8909618039549,93,100,100,100,6.4,84.56,67.099998474121,68.6999969482422,82.8000030517578,71.6999969482422,76.6999969482422,65.099998474121,0.0118280613597937,8500,3.17288290074919,2.40639e+11,3.0095321821895,2.50538e+11,55.7082047317241,131.230546848819,3.2,954,19,12,5,14.7242740805711,3.05777384377075,1.56543128326783,18.711620303024,66.5641056164049,50.0216130035818,100,10,5,0,1.23,81.8689027355371,35582,25,2516093,0.303708660620334,31679,1348.57417834843,3,11,7741220,11,7,6,112,395,75,4.5,2.5,9,105,47.4,5.90000009536743,6,20974643,1.71786099675953
"Austria",13,7.2,7.379,1110,5,0.3,1150,0.753730736717402,7,6.29,3,4,20,3266700,38.3126394414356,76,100,100,100,7.8,81,55.7000007629395,64.8000030517578,81.5,67.6999969482422,76,61,0.00546681616259022,18300,0.00622279786960842,1.71076e+11,0.076298604129159,1.79122e+11,87.6519298020344,151.911251474679,3,244,3,10,6,18.5971306984829,103.409530964123,0.647909059253162,14.2792414531269,67.1236278483902,50.9550170507728,53.2,11,3,2,1.6,80.7976414013114,55598,10,2908640,0.54524303461327,10819,1267.67943540166,8,5,83879,12,4,8,223,397,23,20.5,22,10,166,51.7,5,4.90000009536743,5625852,0.701030117301697
"Azerbaijan",80,5.212,58.5604,447,7,3.1,3460,0.7843,6,2.56,9,11,63,1795448,18.8698825324988,98,87.9,86.2,94.3,77,61,42.0999984741211,28.6000003814697,74.099998474121,70.3000030517578,71.1999969482422,66.599998474121,0.0644051715724466,1600,0.0549968997373941,21828608900,0.300582141081835,9187608800,61.6195837593782,110.905363353238,28.9,6706,50,10,6,5.56231871987924,115.387592397682,1.2769828044979,22.0364351040663,72.4012461760545,50.246199834908,0,24,3,28.7,1.21,89.758173164892,1299,10521,4353539,0.719863327512507,129,13.5250989665042,3,2,86600,7,4,7,175,277,87,8.5,5,27,195,39.8,6.09999990463257,4.30000019073486,5184284,1.74723742614178
"Bangladesh",109,4.694,83.49,2666,6,16.8,1281,77.72,0,6.89,6,9,172,1086468,0.685414412245035,89,59.6,86.2,86.3,227,9.6,50.5999984741211,66.1999969482422,86.599998474121,84,73.599998474121,70.9000015258789,0.458409570658519,220,8.1252354457943,28433794794,17.0039569437578,41635060882,37.6432410460084,75.924891634777,32.1,101722,5900,11,6,4.95581421366577,1222.07507874318,1.21437738484915,29.9764096764575,65.0677761098767,49.5078603598737,0,13.4,8,0.9,1.3,68.5714267549061,32472,10865,105761094,0.0732683236553304,136,0.854929131309716,9,6,148460,21,5,7,269,1442,428.9,244,19.5,28.3,302,32.5,5,3.90000009536743,53316419,3.51721498276979
"Belarus",59,5.813,18.84,618,7,0.8,1460,10224.1025,6,5.07,8,10,43,4514315,48.5013390657042,99,94.3,99.7,99.9,58,59.02,34.5999984741211,44.2999992370605,70.599998474121,63.4000015258789,66.4000015258789,56.2000007629395,0.0071701055614366,13900,1.09263931209272,36358313500,1.23071962620048,40787869800,83.1121614495298,122.501138584571,3.5,442,5,10,6,13.9793684954205,46.6709378542211,0.0422475713930697,15.7691942526342,70.2514372519452,53.520264678769,0,16,2,64.5,1.06,79.3375363193466,925,4302,2246568,-1.62981905253562,422,44.5617740232313,5,2,207600,7,4,7,115,275,112,4,9,15,183,51.8,4.40000009536743,7.30000019073486,7223432,0.568030749146644
"Belgium",19,6.937,8.3764,847,8,5,1240,0.753730736717402,5,4.66,4,4,41,4694435,42.1236367617157,96,99.5,100,100,9,85,28.5,34.2000007629395,72.8000030517578,59.2999992370605,67.6999969482422,53.2999992370605,0.012833732093129,7800,0.0292657800710139,4.57769e+11,1.64101675736015,4.48081e+11,86.0456670334158,114.269957521343,3.4,432,9,12,6,18.0048461107743,370.71357331572,0.378347065020028,16.8883896257385,65.1067642634872,50.8627937092843,0,10,8,96.4,1.9,80.26981296211,29179,75,244934,-1.52826894724713,9589,854.23814456161,3,4,30530,11,6,6,212,505,88,64,4,9,160,58.4,8.39999961853027,8.5,10980273,0.421294691898473
"Benin",155,3.34,84.59,1039,7,55.8,1052,494.415,0,1.54,7,7,162,195662,1.84595325632977,63,19.6,77.8,85.2,61,5.3,57.2999992370605,55.7999992370605,78.5,78.1999969482422,73.6999969482422,72.9000015258789,2.04631550698493,49,0.0151957677904726,901431052.5,1.43490230508734e-09,9531138622,27.2369823508606,101.711069662654,65.7,24258,1600,12,6,2.88945152711492,93.9915040794608,2.6410767577434,42.4697612356185,54.6407872372666,50.1471437135997,0,13,4,0.6,1.03,86.572889501582,415,340,5986659,1.88623277771109,23,2.17012209861752,7,6,114760,55,6,7,111,750,90,120,12,25,270,63.3,1,1.10000002384186,4611823,3.62952483302384
"Bolivia",51,5.89,71.147,1146,1,64.4,1440,6.91,7,7.28,7,6,155,876111,8.07649462593974,95,50.2,90,96.7,120,39.02,49.7000007629395,59.2999992370605,82.4000015258789,80.9000015258789,74.4000015258789,72.599998474121,0.681026296672926,150,0.0365447377477246,12881566124,0.0168245332837385,10560100408,50.4559446230599,96.3372482776015,31.7,7756,540,12,6,6.33941643193114,9.74973414566602,1.54527839862755,32.891168027077,60.7694155409919,49.9143855638675,39,12,7,15.1,0.7,79.6044503228818,763,599,3368503,0.264829868146324,136,12.8764869383662,15,0,1098580,42,6,6,275,591,42,91,50,22,1025,83.7,3.29999995231628,2.20000004768372,7193384,2.15056763534904
"Bosnia and Herzegovina",96,4.949,9.1124,1028,3,15.2,1260,1.4742,6,9.6,8,8,82,849216,22.2031998987645,89,94.8,99.9,99.7,42,60.8,25.7999992370605,39.4000015258789,67.099998474121,57.4000015258789,54.5,45.4000015258789,0.0150459219809053,6600,3.85319306641885,4691594861,2.51883839183035,8966115999,88.2071217383139,91.2789502884636,5.4,182,4,11,6,14.970659223157,74.5616015625,-0.156496090680957,13.6465653138109,71.3827754630321,50.2254061108238,8.1,15,7,39.7,1.51,59.5818812783835,6890,21845,2305192,-0.371555526918872,137,35.8868532049579,12,7,51210,45,5,8,179,595,125,24,67,16,407,23.3,29.7999992370605,26.7000007629395,1512362,0.172196929372765
"Brazil",16,6.983,67.3106,1761,5,4.3,2322.8,2.3534,7,8.7,6,8,111,44128188,21.8419969305116,97,82.7,98.1,100,44,57.6,54.5999984741211,70.599998474121,85.3000030517578,80.599998474121,75,69.6999969482422,0.0846836868138012,1200,0.509501526243729,2.251e+11,2.2355136521546,2.51965e+11,61.9144858539083,138.951490610451,14.4,45682,1400,11,6,7.57532620019252,24.6559519223176,0.886360083057745,23.5270509212977,68.8976228785098,50.8124335584983,63.6,18.2,13.6,52.5,1.27,73.697273759814,7490,977,30019367,-0.896243856945865,14144,68.6342404365945,11.6,2,8515770,9.6,5,7,425.7,731,43.6,31.7,83.6,13.4,2600,69.2,8.69999980926514,5.19999980926514,176058531,1.19350457329445
"Bulgaria",134,4.218,38.5874,608,10,0.8,1375,1.4742,5,5.04,4,5,36,1816952,25.3481097511467,93,86,99.4,99.6,27,55.49,24.8999996185303,34.4000015258789,72,59.2000007629395,68.099998474121,53.4000015258789,0.0160728274179272,6200,0.492752236717018,28794809300,2.73590872504928,34179144700,73.9861179147646,137.706595342242,9.7,604,7,11,7,19.7291103227358,66.5432756079587,-0.568389264052903,13.9787244206191,66.292165256645,51.3993707809748,0,16,8,62.9,1.49,81.0810800361493,11046,1648,1905241,-1.79691479489667,1277,176.715828355099,4,9,111000,14,4,8,110,564,130,11,18,18,424,27,10.8999996185303,12.1999998092651,5318697,-0.124614518194974
"Burkina Faso",152,3.587,109.9036,748,7,44.7,2305,494.4,0,3.72,10,12,149,124595,0.715256910098185,88,19.4,82.1,97.5,54,9.4,71.8000030517578,80.4000015258789,90.6999969482422,89.9000015258789,85,83.3000030517578,2.14895018604794,47,10.0373004121205,840181177.4,55.6220118745732,2695153696,37.0034923472628,71.737469513534,62.2,42048,2700,12,6,2.4108489767413,64.2880043859649,2.91101831662217,45.7938161819544,51.7953348413043,50.4028608922362,0,12,4,2,1.4,85.6507215718284,31894,1853,12484109,1.73724861358408,11,0.625383829325248,3,6,274220,45,6,7,129,446,158,67,13,41,270,41.3,2.29999995231628,3.90000009536743,5105089,5.84079711961751
"Burundi",157,2.905,28.6552,1274,8,13.4,2905,1546.6867,0,4.83,9,9,151,21669,0.206710985817465,94,48,75.8,91.1,126,1.38,67.5,61.2000007629395,83,82.099998474121,83.6999969482422,82.6999969482422,4.431196561056,23,10.8967185534722,86858467.49,8.0206839023275,679697411.8,41.8473866384861,30.4620103575855,55.8,25172,3500,13,7,2.46883106557725,421.217289719626,3.29780374786576,44.6421512342769,52.8890177001459,50.6005532104511,0,14,5,3.9,1.53,101.583438582118,52936,72499,9544689,2.97082032871555,6,0.554689623421215,3,2,27830,25,6,7,99,832,158,23,5,32,274,40.3,7.5,6.30000019073486,1272171,5.78576486302999
"Cambodia",145,3.819,51.0532,1904,5,139.5,795,4037.5,5,2.96,8,9,133,438100,2.84327831742305,94,40.8,73.4,97.8,390,9,73.099998474121,72.3000030517578,88.1999969482422,86.599998474121,85,82.5,0.496150656368881,200,0.127425627243727,10734589145,0.249889365873582,17500115321,28.1062128688805,155.111508300413,26.3,9461,620,12,6,4.01498264368218,86.8351234987537,1.64159612591134,31.8041019469034,64.1809154094144,51.2331897368343,29.3,20,7,0,1.34,90.8775962297047,63,13062,12183722,1.39656536448198,46,3.00101721435666,11,11,181040,40,6,6,652,483,179,56,101,22,173,21,0.400000005960464,0.400000005960464,3144414,2.59673266030386
"Cameroon",133,4.252,106.853,1604,7,34.3,1379,494.415,1,5.92,11,12,168,1051356,4.6074453543052,80,45.6,75.4,94.8,220,11,44.4000015258789,51,77.099998474121,76.9000015258789,71.4000015258789,70.4000015258789,2.98936840115219,33,0.432508182262942,5924764115,3.08543177088965,7464020279,40.7151501712843,75.6851330964976,58.6,47365,5100,12,6,3.21852434640405,48.1754437181359,2.49811030629492,42.7602775811757,54.0211980724203,50.0048566254779,0,15,5,5.4,1.24,83.2249658388658,226489,10761,10516806,1.27353540054372,38,1.66864166508658,5,6,475440,44,6,7,151,800,64,86,15,23,630,48.8,5.09999990463257,3.70000004768372,12256208,3.56098212517996
"Canada",5,7.427,10.0832,537,8,0.4,1680,1.10610494395711,8,9.41,3,3,13,16571600,46.6480647904677,95,99.8,99.8,100,5.2,87.12,63.9000015258789,63.9000015258789,81.8000030517578,70.8000030517578,78.1999969482422,66.099998474121,0.0116102383996103,8600,0.711573152514862,4.74627e+11,0.0220480700541482,5.07026e+11,74.0737705436581,82.984440248557,4.4,1636,28,12,6,15.6909477359273,3.90832791738284,1.08097771689146,16.0369006305055,68.2721516335672,50.4024680597642,100,12,6,0,1.17,86.7231622588955,149163,95,6521667,0.115620092295238,43004,1210.00261702036,2,9,9984670,8,6,6,249,570,142,16.5,5.5,8,131,21.1,6.5,7.30000019073486,29018752,1.29922049213285
"Central African Republic",148,3.678,93.2172,1343,7,226,5490,494.415,0,7.34,9,17,185,800,0.016988012621244,49,21.7,68.4,89.6,375,4.03,56.9000015258789,67.599998474121,85.5,85,79.1999969482422,78.6999969482422,3.67139830314536,27,31.7287441410397,90937305.67,0.126069138118552,507131941.6,40.3467390163183,31.3598712988164,93.5,15049,1400,12,6,3.8685839982216,7.71183023532056,1.96828338590843,39.3882916943848,56.7431243073936,50.7134002009859,0,15,5,2.6,1.69,85.4117629107307,7694,410787,2894168,1.53927185703331,1,0.208146175230772,10,6,622980,56,6,7,200,660,102,75,22,46,483,73.3,7.69999980926514,7.09999990463257,1910148,2.62182912242243
"Chad",149,3.667,137.173,322,7,150.6,6615,494.414952864937,0,5.77,8,11,182,23580,0.178485651434024,54,12,50.8,71.8,159,2.5,56,56.7000007629395,79.1999969482422,79.1999969482422,71.9000015258789,71.599998474121,5.74455749737045,17,29.7606607939468,2709716242,5.65946980070137,1554334709,49.9053617300449,39.7509799679755,86.7,51181,5400,12,6,2.4622116363276,10.7902263341804,3.3015950889173,47.9839815153441,49.5538068483283,49.9454959070227,0,13,6,2.1,0.9,80.8080839218018,452897,14855,10551569,3.15489956278666,2,0.147198954769662,9,6,1284000,54,6,7,221,743,67,44,60,70,732,63.5,7.5,6.5,3035484,3.81320036147377
"Chile",27,6.67,48.1088,1522,8,0.7,910,570.3482,6,11.19,5,5,48,3407534,19.1726705268946,94,99,99,99.7,16,72.35,31.8999996185303,44.4000015258789,80,75,67.8000030517578,61.9000015258789,0.040448065544907,2500,3.6196273368718,75674897797,0.442694507100181,72166943720,50.8653800722891,133.255628761386,7.2,1687,53,12,6,10.6982140668561,23.8895528369996,1.05729358069562,20.4643992531068,68.837386680037,50.6693005834097,8.8,13,6,44.7,1.52,65.8666687011718,1773,579,1890656,-0.628910341316603,2267,127.627374456071,7,4,756096,7,6,6,152,480,30,28.5,5.5,15,291,27.9,7.30000019073486,5.80000019073486,15871991,1.26006097657966
"China",84,5.14,7.3478,645,10,0.9,823,6.1434,6,8.64,8,5,83,249430000,17.8958884123549,99,75.4,94.8,97.5,68,49.3,53.9000015258789,58.5999984741211,84.3000030517578,78.4000015258789,77.599998474121,71.4000015258789,0.0437977699701949,2300,8.73121761108649,2.34322e+12,0.095760137631123,1.96311e+12,66.5371885200014,92.2734908227189,9.8,166402,4600,12,7,9.18268084838188,145.317355990401,0.506311591779847,17.2048256929075,73.6124934587106,48.4849111605221,0,22,4,33.2,1.17,81.6326514724293,301052,210730,621970693,-2.18152204356208,9602,7.03819625147515,11,4,9562911,9,5,6,244.3,452.8,143.2,19.5,31.4,21,261,68.5,3.90000009536743,5.40000009536743,742299307,2.81543653576473
"Colombia",33,6.477,51.6738,3240,9,7.5,2355,2001.781,7,7.26,4,6,52,7180937,14.6760272788069,91,81.1,91.3,96.8,33,52.57,39.7000007629395,52.5,82.5,79.6999969482422,71,67.5,0.130029565815804,770,2.67374390370586,54794812058,2.97502625663628,64028791861,56.9323391610074,113.082075334767,14.1,10595,490,11,6,6.76025074222047,43.074712032447,0.944004217769977,24.7015043064344,68.5382449513451,50.7536744116247,87,10,6,0,1.08,70.2634907707297,213,103150,11392990,-0.215409200163505,2253,47.14237980048,8,12,1141749,11,5,6,73,1288,102,16,11,14,239,77.3,13.3000001907349,7.69999980926514,36398403,1.30968960784364
"Congo (Brazzaville)",139,3.989,119.234,1646,7,52.7,3795,494.4149,2,5.91,11,10,174,16300,0.35756638998779,80,14.9,76.3,95.8,381,7.11,44.2999992370605,44.7000007629395,74.099998474121,73,72,70.6999969482422,2.30019478144591,43,1.48447475588359,9550575321,0.296759824788133,5324282335,54.0225778610632,108.149574188884,34.4,5556,750,12,6,3.64828826525062,13.1916896046852,2.48634721343358,42.610481509056,53.7412302256934,49.9827079562491,0,12,6,9.4,1.13,93.8356164383562,54842,14497,1578674,1.27805902475225,7,1.55384218557226,11,6,342000,49,6,7,164,560,135,55,53,50,602,55,6.90000009536743,6.09999990463257,2926288,3.14430841913831
"Costa Rica",12,7.226,57.0388,2926,2,11.5,1020,538.31720028,7,9.5,5,5,79,881217,17.8465112181548,95,94.5,97.7,99.6,11,49.41,36.7000007629395,57.2000007629395,84.099998474121,79,68,63,0.0490841459292899,2000,2.71357392192192,11251852806,0.102220550324533,17183821606,65.7459198614774,143.82837949635,8.6,597,18,12,6,8.60041794129232,93.1767724245985,1.08143042772854,22.6983066693627,68.701275389345,49.9553556978026,100,15,5,27.4,1.44,59.1139250163791,12924,417,1145869,-2.82310187405833,473,99.4197501852823,9,2,51100,23,6,5,118,852,55,19,24,14,163,58,11,6.69999980926514,3611737,2.35274122354003
"Croatia",62,5.759,9.925,1113,3,3.5,1335,5.7505,6,5.52,6,7,39,1568675,36.7195422144529,94,97.1,99.6,99.6,12,68.57,24.7000007629395,34,69.6999969482422,58.4000015258789,64.099998474121,51.2000007629395,0.0131223087270754,7600,1.30928905540781,13680271000,1.04163872192298,22515960000,83.1091901033756,104.431321400248,3.8,152,4,11,7,18.6005954622963,75.7396175839886,-0.407343184777633,14.9738489557793,66.4255555819245,51.7752610346269,100,19,5,0,1.66,76.5410951969436,679,40126,1752320,-1.12308670667023,930,219.526012652252,7,5,56590,19,4,8,128,572,70,72,15,16,208,18.4,16.6000003814697,16.7999992370605,2486069,0.100248577358384
"Cyprus",67,5.689,5.0858,498,8,12.6,865,0.75373074,4,9.26,5,7,60,327874,28.4351697833067,86,100,100,100,5.3,69.33,38,43.2000007629395,79.8000030517578,71.3000030517578,73.4000015258789,63.9000015258789,0.0107796078596555,9300,3.62948203822621,1683180300,13.8431812682218,6722011500,85.3635864800291,96.3353101058229,2.6,34,1,12,6,12.5597014019753,124.854761904762,1.04614274289616,16.7466441527732,70.6936544452515,48.9677183359366,6.8,8,7,0,1.61,78.821877079224,5126,10,380488,1.39234631902764,700,606.765609912123,6,7,9250,29,6,6,677,1100,207,9,8,7,146.5,23,15.3999996185303,15.6999998092651,773170,0.876210062199414
"Ivory Coast",151,3.655,10.1304,677,2,6.9,1240,20.7575,7,6.59,4,6,33,1887200,17.5709289390369,99,99.1,100,100,4.6,79.71,26.6000003814697,37.5,80.9000015258789,68.4000015258789,73.3000030517578,59.5999984741211,0.00670618845987528,14900,0.602898471435822,1.71819e+11,0.0643345031690325,1.51711e+11,86.5017949917936,130.033439883625,2.9,279,5,11,6,17.5429535565292,136.094341577107,-0.0352535419144028,14.8482271941461,67.6088192493246,50.872426386267,76.6,21,4,6.4,1.67,74.9999972114786,3137,1328,2835856,0.116823082084743,7269,691.589777372598,8,7,78870,8,5,8,247,611,110,31,15.5,17,413,50.4,7.59999990463257,5.09999990463257,7674710,-0.0913883928723068
"Congo (Kinshasa)",120,4.517,122.9484,1543,7,30,3365,920.79,0,7.56,7,10,187,0,0,77,28.3,52.1,81.3,325,3,48.2000007629395,42.2000007629395,73.5,73.3000030517578,72.5,72,4.28305434487846,23,0.0734670781359861,6560000350,0.10331571730755,7544761528,24.4332099258499,53.4932163754393,76.5,234269,23000,12,6,2.96168798361794,33.0283981385501,3.15317544960179,46.1646622468867,50.8736497694954,50.1433042950555,0,10,7,0.2,1.68,96.45292497235,119754,516562,43446648,2.269528345457,30,0.400656917081246,7,6,2344860,50,6,6,150,610,65,44,16,44,340,54.7,9.39999961853027,6.69999980926514,31430382,4.3876540942115
"Denmark",3,7.527,4.1192,703,7,0.2,795,5.61246666666667,6,6.05,4,3,3,1879265,33.3192144086079,90,99.6,100,100,7.1,95.99,62.7000007629395,61.2999992370605,80.599998474121,66.3000030517578,78.1999969482422,62.4000015258789,0.0107099425231464,9300,0.020774820197039,1.08087e+11,0.45997705552009,95438611800,87.1260421036426,125.957823361791,3,158,4,13,6,18.4990735623216,132.914565166156,0.437745717734919,17.0677393025801,64.4331871350984,50.3683880303154,7.8,7,3,0,2.01,88.5369503182598,17785,12,704833,-0.976442585017317,11735,2080.83424874082,4,8,43090,10,7,6,64,410,38,4,5.5,6,130,26,6.90000009536743,6.40000009536743,4934732,0.641377937324832
"Dominican Republic",98,4.885,98.4344,1410,5,16.9,1040,43.4412916666667,8,11.35,4,5,90,1226109,11.6451168843553,88,83.6,85,85.9,60,49.58,42.2000007629395,61,82.6999969482422,78.5,69.1999969482422,64.9000015258789,0.267658777170733,370,2.34975861048749,10253599994,6.28296186928731,19084316490,73.9988593351477,78.8638263591996,26.2,5690,210,12,6,6.51088517398183,215.354780629139,1.20398696153206,30.2550667440712,63.234048081947,50.1548970621884,63.1,13,6,38.1,1.41,65.4777089501642,608,349,2282960,-3.16167747963264,294,28.2530857607042,7,1,48670,7,6,6,184,460,82,45,14.5,8,316,43.2,23.3999996185303,9.5,8122983,2.46606205447086
"Ecuador",48,5.975,76.1726,2274,2,24,1535,1,8,5.91,7,6,114,2441690,15.2772232667989,85,84.7,86.9,93.4,54,43,41.4000015258789,60.7999992370605,85.599998474121,82.6999969482422,71.9000015258789,68.6999969482422,0.180527729891107,550,0.460282445397379,25721730719,0.266311939691526,27515436938,57.8654786361438,103.899164782894,19,6251,220,12,6,6.53828517990034,64.0317120309228,1.53090212522316,29.3376950491344,64.1240197709653,49.9995598291533,73,15,7,0,0.6,66.5054438084463,53817,805,5802020,0.935155496376854,548,34.4590891381178,13,1,256370,8,6,6,114,588,74,38,55.5,19,654,33,6.19999980926514,3.5,10100896,1.87471455240757
"Egypt",135,4.194,52.4352,51,8,9.2,625,6.9715,8,16.56,8,10,126,6315915,7.57424390945424,93,94.7,99.2,100,15,31.7,20,47.4000015258789,79.3000030517578,75,52.9000015258789,49.2999992370605,0.129079366936436,770,0.0285264721938712,26692508624,3.22292153996533,68188487759,64.9317228466562,114.305985751523,21,57588,850,12,6,5.17090205846929,89.9891204982671,2.2188633037184,32.9823697720699,61.8467281694608,49.4766401796301,21.8,20,8,5.8,0.88,31.7333323160807,236090,15873,50998602,2.14160606066686,429,4.7890330473421,7,2,1001450,29,6,6,179,1010,64,63,8,12,392,44.8,27.7999992370605,8.5,38581068,2.32107790567815
"El Salvador",42,6.13,65.5554,1784,3,43.9,1045,1,7,11.75,7,7,97,948000,14.8502009476559,94,74.2,93.1,97.2,41,29.7,34.4000015258789,64.1999969482422,82.3000030517578,79,65.599998474121,62.2000007629395,0.113748607652352,880,1.16435640851608,5272354227,0.0124560485074555,10510257693,57.5231296662366,144.025676436052,14.9,1580,58,13,7,7.9911508510724,294.773455598456,0.296162907552657,27.6152126510346,64.393636497893,53.0107375829812,32,25,5,28.2,1.12,60.8860740178748,35,10965,2061045,-1.11628365958818,135,22.1032250078835,8,3,21040,53,6,6,108,786,65,31,16.5,13,320,38.7,4.40000009536743,7.40000009536743,4046661,1.02329173011166
"Estonia",73,5.429,13.6678,626,8,1.4,765,0.753730736717402,7,5.65,3,4,16,407289,31.7259853977072,93,97.2,99.6,100,20,84.24,36.7000007629395,44,79.1999969482422,69.099998474121,75.599998474121,62.0999984741211,0.0155261072331526,6400,0.034618174924937,15537567600,0.529840977168138,17619357500,92.5988226301669,160.687848533734,2.5,32,1,13,7,18.5295885209196,30.9895022410946,-0.330744376877774,15.8226352621898,65.6477762168905,53.2471054996836,34.2,10,3,0,1.46,81.4761222580137,90,339,425332,-0.0244484984197865,1218,927.191136113638,4,7,45230,8,6,6,102,425,91,17.5,4.5,6,81,49.4,6.69999980926514,8.60000038146973,888313,-0.477070029310187
"Ethiopia",122,4.512,60.1198,848,3,90.1,2380,19.0752,0,5.47,8,11,148,820000,0.849687829354416,70,26.8,55.4,92.7,207,2.9,74.099998474121,78.9000015258789,90.099998474121,89.1999969482422,85.5,83.6999969482422,1.70857784533934,59,34.7078332467507,2596654996,12.7567447515477,16697435269,32.5559551379926,31.5938803866051,42.9,133012,12000,13,7,3.45337849509005,96.958732,2.50680865992637,42.0709451934664,54.4756763114435,50.0889388693738,0,10,7,0.2,0.99,87.7802754827345,659524,86861,78509424,1.96733844135428,22,0.226900657075425,11,3,1104300,30,6,6,129,530,95,52,19,44,306,31.8,7.80000019073486,2.90000009536743,18449308,4.83558736311604
"Finland",6,7.406,6.6682,536,6,1.1,615,0.753730736717402,6,5.77,4,5,10,638800,11.7351033719684,97,97.6,100,100,5.6,92.38,53.2000007629395,54.7999992370605,77.8000030517578,63.7000007629395,75.8000030517578,59.4000015258789,0.00467072159288606,21400,0.000747103613935077,73139528800,0.455494184151758,76348178400,90.9988923848378,139.663896204958,2,117,2,13,7,19.8080902829738,17.9788607719899,0.451710860588948,16.3233120303085,63.8685976867178,50.8056886741148,19.6,15,3,0,1.89,86.9701740382246,11798,7,869477,-0.386725561081632,9787,1791.31107058428,3,7,338420,8,6,6,64,375,42,32,14,9,93,40.1,7.90000009536743,9.19999980926514,4594119,0.611186428737516
"France",29,6.575,9.0482,867,9,0.9,1335,0.753730736717402,6,5.16,2,2,27,38805000,60.0312998138542,90,98.7,100,100,8.7,83.75,34.5999984741211,41.5999984741211,75.4000015258789,61.4000015258789,71,55.7000007629395,0.0167930237861025,6000,0.181644078343687,5.69654e+11,0.693234015735868,6.63691e+11,83.3487342453039,100.361566175075,3.6,2829,68,11,6,18.6690889318142,120.913311308229,0.425985399405988,18.5064735716549,62.824437496531,51.3296255348987,0,9,8,44.5,1.79,82.4104189196057,252264,92,13712117,-0.697519231708011,45249,683.448092216328,5,4,549087,8,5,7,183,395,71,49,4.5,10,137,68.9,9.69999980926514,10.1000003814697,52494813,0.72154602103291
"Gabon",143,3.896,102.2,1831,7,12.9,2145,494.415,2,10.71,6,8,156,17200,1.00508737832307,61,41.8,93.2,97.2,444,9.81,24,27.5,67.4000015258789,65.599998474121,62.7999992370605,61,1.21265886368711,82,1.44319375296057,9261522071,13.2501122716394,4872067963,53.821438429859,210.367125695526,37,1885,150,11,6,5.15544184211041,6.54974579889005,2.23626644664236,37.2914065698746,57.553151588015,49.4488565024149,0,11,6,50.8,1.02,86.1280507838563,1013,172,220748,0.253096942368295,18,10.6655732478981,7,6,267670,26,5,7,194,1070,148,103,50,20,488,40.6,25.7999992370605,14.6000003814697,1466925,2.53813477626378
"Georgia",130,4.297,41.1308,1026,9,3.4,1355,1.7657,8,2.55,4,4,24,1097364,25.3852442444114,92,86.9,99.6,100,106,48.9,25.5,41.9000015258789,79.3000030517578,75.5,69.8000030517578,65.4000015258789,0.0694911320630006,1400,0.0339345485675225,2861694590,0.110837403032702,8585735494,41.6923519198708,124.935540091449,11.3,662,20,12,6,14.1161809806448,78.8008677700409,0.375919386560632,17.2123147417922,68.671504277563,52.331010361423,56.8,7,1,0,1.24,75.2317870689543,442,6732,2095848,0.0347891074948868,167,37.0773295441931,2,9,69700,5,6,6,53,285,71,1,2,9,362,16.4,12.3000001907349,14.5,2408252,0.673747474250912
"Germany",26,6.75,6.9604,700,5,8.8,1015,0.753730736717402,8,7.93,4,4,15,47021000,56.8901591748445,97,99.2,100,100,6.2,86.19,47.9000015258789,52.9000015258789,82.6999969482422,66.4000015258789,77.4000015258789,59.9000015258789,0.00856142034325164,11700,0.00147616395078151,1.41863e+12,0.446007034956261,1.2028e+12,82.8309327818424,120.418982876886,3.2,2191,43,10,6,21.070280975949,232.080980662191,0.301977923369119,12.9772400362462,65.9524789878048,50.8861501851134,100,8,5,1.3,1.8,80.8734932664276,216973,176,20146340,-0.513764084156395,114865,1420.02352468346,9,6,357170,9,4,9,96,429,28,40,14.5,9,218,48.8,4.80000019073486,5.30000019073486,60743165,0.574006609398817
"Ghana",114,4.633,67.5004,1187,7,19.2,875,2.9351,6,3.8,6,7,112,260407,0.984816757530337,92,14.8,87.6,92.3,165,18.9,38.0999984741211,38.7999992370605,72.3000030517578,71.599998474121,70.599998474121,69.5,1.37308701552827,73,0.781737648493107,9996687093,7.03831878262832,18068485751,36.088532830186,114.819478940048,44.2,38970,2800,12,6,3.42673227858199,117.722589434825,2.35007566114568,38.9144414680804,57.6588262533376,50.3122008998679,14.1,15,5,0,1.06,94.2737450258424,18450,22147,12484698,0.950290792193316,99,3.69587806559086,8,7,238540,33,6,6,216,710,79,46,14,19,224,32.7,2.40000009536743,2.29999995231628,14301900,3.588229422939
"Greece",102,4.857,7.6694,652,7,2.2,1040,0.753730736717402,7,4.81,4,6,58,5219341,46.9010740444003,97,99,100,100,4.8,63.21,28,32.5999984741211,77.599998474121,62.5,68.3000030517578,53.0999984741211,0.00427511718286658,23400,0.161819961583082,35181949400,8.57373070975993,62920976500,64.8926313150909,114.961884920785,3.7,408,3,12,6,20.8689440754957,85.0096198603569,-0.635054054668695,14.6382114645175,64.4928444599868,51.1616315829327,82.5,18,10,0,1.98,70.5599975585937,7304,113,2445987,-2.12466322211339,1615,147.384405908518,5,3,131960,8,6,6,124,1580,51,20,13,15,193,50.7,31.3999996185303,22.6000003814697,8511753,-0.202854514690513
"Guatemala",43,6.123,81.404,1996,3,25.8,1355,7.7322,7,10.84,8,6,81,1718298,10.8343567860051,67,63.7,92.7,98.4,57,23.4,43.0999984741211,79.8000030517578,90.099998474121,88.1999969482422,69.9000015258789,67.8000030517578,0.330562969322578,300,0.00562687219797167,10671570300,0.0231390501171135,18260588900,57.270230205993,106.633770318935,25.1,11040,400,13,7,4.76306256928447,149.454031354983,2.04825214531038,37.1209592410949,58.1159781896206,51.1018767201311,8.7,11,6,19.2,1.01,56.1224509214527,164,7483,7829174,1.12382944271429,281,17.5455093673664,6,9,108890,8,6,5,158,1402,39,24,18.5,17,256,39.9,3,2.79999995231628,8186320,2.9404118322831
"Guinea",150,3.656,141.6722,1651,7,82.6,915,7014.1188,0,4.37,7,8,171,0,0,52,20,76.7,92.7,177,1.72,52.2000007629395,57,79.5,78.4000015258789,73.4000015258789,72,3.56012595809203,28,43.4196839574587,2491413830,17.8459822711765,6610627764,20.4978500676943,72.098750753286,62.8,28094,3100,13,7,3.061905203744,49.9573783167833,2.69829437337075,42.7412444288543,54.1968503674018,49.8734759004644,0,27,6,0,1.45,83.8010148846176,8766,15243,7772864,1.95720773460562,4,0.325851590730076,6,6,245860,57,6,7,173,311,69,44,8,36,440,68.3,1.60000002384186,2,4502663,3.99068625912595
"Haiti",119,4.518,39.675,1440,2,246.7,1200,44.6238,0,6.7,8,9,179,41000,0.391916614673989,53,27.4,57.5,64.9,200,11.4,33,39,72,71.099998474121,67.5,66,1.14671242779009,87,8.93795019239879,986891687.4,0.22947024184366,5214047404,37.2035686115164,64.7074595783417,53.5,13827,970,12,6,4.57941422597308,383.600471698113,1.34057272710327,34.1552695324616,61.2653162415654,50.5434860233546,0,12,5,1.1,1.16,85.9353020891558,3,37161,4499878,-1.5949672022439,18,1.70260599928358,12,2,27750,47,6,7,80,530,60,312,97,28,184,40.3,7.80000019073486,5.90000009536743,6072151,3.57298712153908
"Honduras",105,4.788,65.6586,1976,0,39,1450,21.13,8,11.69,5,6,115,532583,6.44715146290003,88,82.6,90.6,97.2,43,19.08,31.6000003814697,66.4000015258789,84.6999969482422,82.9000015258789,64.6999969482422,62.7999992370605,0.352049033805421,280,0.0107161406910309,5366200385,0.0224216694263473,10208545619,59.6250636690709,93.5156364150515,18,2943,220,12,6,4.7357969674742,71.1563142371973,1.42463808660857,32.5293279810291,62.7348750514967,50.0171571829061,36.1,15,6,21.8,1.2,51.9903470214854,26,4159,3651465,0.124877163504624,91,11.4297484952925,12,9,112490,48,6,5,82,920,39,22,14,12,224,41.8,5.09999990463257,3.29999995231628,4310215,2.53912498161389
"Hungary",104,4.8,18.2126,589,2,8.3,885,232.601666666667,5,5.94,6,6,40,3011253,30.3151168312482,99,98,100,100,12,76.13,24.3999996185303,29.2000007629395,70.599998474121,60,64.599998474121,52,0.0225885039070891,4400,0.013709466210121,1.07905e+11,0.04285260182568,1.03093e+11,84.7212803973112,118.053828318504,5.3,466,15,11,7,17.5340612404622,108.932652159505,-0.317989531802519,14.5422335113666,67.9237052481713,52.4242886929018,74.6,23,4,0,1.58,74.8333358764648,2867,1267,2882468,-1.89637511873779,2966,300.760327380557,4,10,93030,11,4,8,179,395,252,16.5,5,17,277,48,7.80000019073486,7.90000009536743,6979205,0.34123639507059
"Iceland",2,7.561,6.48,1940,7,2.4,1530,116.767352506899,7,3.2,4,4,18,171535,51.4911372266499,90,98.8,100,100,3.3,98.16,74.3000030517578,69.9000015258789,86.8000030517578,77.4000015258789,84.599998474121,73.9000015258789,0.00697920225294965,14300,5.0853629411388e-06,5052575979,0.0355894252845853,5374676769,81.3052296023015,111.080192714665,1.6,7,0,13,6,13.3329056147233,3.26772069825436,1.17449185595701,20.419591956446,66.2475024288307,49.8784057094324,100,17,3,0,1.85,90.8268755372735,99,1,19518,-0.490648025085912,1053,3214.39364569628,5,5,103000,21,7,7,84,417,22,3.5,4,10,140,29.7,4.69999980926514,5.30000019073486,308071,1.28092751218466
"India",117,4.565,25.6746,1083,7,15.3,1332,61.2209,7,9.11,7,10,134,27000105,2.13035076612075,83,39.5,94.1,97.1,167,18,17.6000003814697,51.2000007629395,82.5,79.9000015258789,56.5,54.2000007629395,0.477453265886423,210,1.5179207136839,3.17733e+11,1.15334490814615,4.60512e+11,57.9723056823709,74.4837699065089,39.3,985575,47000,11,6,5.48830449671205,435.657170581093,1.22673029572789,29.2127967672526,65.2988987360354,48.1609277364054,22.4,33.6,7,0,1.1,33.792239655033,199937,10433,876057482,0.678218163733164,7173,5.53774942696434,13.9,6,3287260,33,5,7,191.5,1420,105.7,47,34,17.1,243,60.6,4,3.5,419234061,2.38274066753601
"Indonesia",74,5.399,50.001,2702,10,21.1,571.8,11865.2112963,6,6.03,4,8,120,29637557,11.723149327676,77,60.6,86.8,94,399,17.14,40.2000007629395,60,86.099998474121,84,69.9000015258789,67.6999969482422,0.336565117775161,300,0.124750004770484,1.76292e+11,0.0280580281578291,1.78179e+11,59.109777790312,126.180596988093,23.6,128419,6800,13,7,5.10861501684987,140.460914013811,1.26019335881402,27.9827706752671,66.908614307883,49.6315612513277,0,17,5,46.4,0.93,61.1904780069987,4270,9562,119586112,-0.325147436029498,1586,6.23293463956884,13,4,1910930,65,6,6,210.2,471,81.3,27.4,52.5,17,253.5,31.4,7.19999980926514,5.59999990463257,134868666,2.6872278578043
"Iran",110,4.686,27.0988,228,7,3.1,1350,25941.6641,7,10.01,7,11,119,30588405,38.9809079423784,99,89.9,96.2,97.7,22,39.35,13.3000001907349,48.4000015258789,77.1999969482422,74,47.5,45.4000015258789,0.0518115655672046,1900,1.6171608096871,86286869556,25.6194187809338,96317772031,54.0617845130565,87.7927311076041,13.9,19143,350,12,6,4.96973752593365,47.9835706610175,1.27654529687566,23.5186306387248,71.5116318353416,49.6227293930649,33.8,15,7,45,0.374,22.5675685985669,982027,82170,21212092,-0.675182863426367,167,2.13708999800419,8,2,1745150,20,6,6,97,505,110,12,15,25,344,44.1,19.6000003814697,11.3000001907349,56931552,2.01359082423708
"Iraq",112,4.677,83.2342,216,4,38.2,3550,1166,0,9.6,10,10,160,1947700,5.60186772258005,57,85.6,86.6,93.8,43,11.3,8.19999980926514,48.0999984741211,72.1999969482422,69.8000030517578,44.2000007629395,42.4000015258789,0.245101754191937,410,-1.93009946941665e-09,79538326311,-3.44261610849373e-10,50292610217,29.7808699125116,94.9127867973207,27.2,32607,610,12,6,3.055623414576,80.1536332657948,3.00616083391248,41.1498297026025,55.7945468828215,49.39321656189,0,12,5,0,0.43,21.489970407132,271143,369904,10666149,2.68356940574354,25,0.718136443971023,10,1,435240,14,6,6,249,520,77,51,29,80,312,27.8,24.1000003814697,14.8000001907349,24146177,3.14899197087569
"Ireland",18,6.94,10.7732,1118,9,0.3,1160,0.753730736717402,7,5.37,2,2,19,2022522,43.2408591207823,93,90.5,97.9,97.9,7.4,79.69,39.4000015258789,41.4000015258789,77,68,69.9000015258789,60.4000015258789,0.0165377854080699,6000,1.92119567878519,1.10979e+11,0.749756981050469,70142303300,88.5428802278867,104.255495644961,3.1,215,5,13,5,12.7019287451734,66.9577442299318,0.313212277361193,21.6489517800873,65.6491194747393,50.106734223655,100,10,5,0,1.92,78.0882330501781,5853,10,1708920,-0.453118345004154,3575,775.030952459927,4,7,70280,9,8,5,149.5,650,85,31.5,6,8,80,25.9,9.80000019073486,13.1000003814697,2903799,0.766967287911303
"Israel",11,7.278,10.0612,435,7,3.5,620,3.5779,7,5.46,4,4,50,2900000,37.0744097466322,96,100,100,100,5.8,71.45,46.9000015258789,47.9000015258789,75.4000015258789,68.599998474121,71,63,0.0167008448171209,6000,17.0732348493339,68955600000,5.34401846985597,72275700000,63.848707103494,121.450652618278,3.3,577,9,12,6,11.0311716770475,379.634935304991,1.91467495311992,27.7740376797834,61.1947906431691,50.4556404995136,100,15,6,0,1.88,84.1107901550558,330,971,650980,1.11016739067445,2089,254.281645222938,5,6,22070,33,6,6,209,975,102,81,13,10,235,29.2,6.30000019073486,6,7564320,1.9842137246051
"Italy",50,5.948,6.0838,832,7,14.2,1195,0.753730736717402,7,4.93,3,3,44,20570000,33.6825356985755,86,99.5,100,100,6,61.96,24.5,33.4000015258789,74.4000015258789,59.5,64.1999969482422,49.2000007629395,0.00510985740818386,19600,0.617043993093038,5.21495e+11,1.33095962569152,4.51139e+11,71.7125227258118,154.248656431979,3,1455,19,11,6,22.0141920876075,208.527867682056,1.81371421076964,13.7856744656977,64.2001334466948,51.4035728543672,100,10,4,24.6,2.14,66.7226903578815,93715,67,19124072,1.38166713955495,15285,249.199549363741,5,2,301340,13,5,8,227.5,1185,124,16,6,19,269,65.2,13.6000003814697,11.6999998092651,42212315,2.01006700513053
"Ivory Coast",151,3.655,135.464,1348,7,20,1390,494.415,0,5.56,9,13,145,242684,1.16648226988671,63,22.3,81.8,93.1,165,14.6,40.5,61.0999984741211,81.9000015258789,81.3000030517578,67.9000015258789,67.3000030517578,3.30026660155576,30,8.10526969672841,12843612834,1.57083178789886,12226446403,41.0159808532751,106.247609322745,68.5,55357,5500,12,6,3.03486371212632,69.6764371069182,2.44243260978919,42.7249685620059,54.2401677258678,49.1022496754653,0,23,6,3.2,1.42,64.5756433324819,1925,71959,10307708,0.921419470539466,57,2.57253801229556,4,6,322460,63,6,7,347,525,55,30,7,25,270,51.9,3.70000004768372,4.09999990463257,11849399,3.78463207993547
"Jamaica",65,5.709,60.5584,2051,4,4.9,1580,111.22,6,10.53,6,7,71,253595,9.06072772369381,92,81.8,93.8,97.5,4.7,40.5,31.1000003814697,40.4000015258789,74.3000030517578,70.9000015258789,67.8000030517578,63.2999992370605,0.199065557892332,500,2.46760736482844,1451996337,1.82900055070869,5820169199,76.4121976207173,102.920927513821,13.9,555,44,12,6,8.95688249312597,251.269806094183,0.239809415391168,24.1523284761512,66.8907890307229,50.2100204038298,10.1,17,8,0,1.14,79.1255250589018,22,1692,1236646,-0.243104555294181,155,56.9590761899302,2,10,10990,36,6,5,159.5,655,95,18,15,20,368,41.1,17.2999992370605,9.69999980926514,1484606,0.643854743625485
"Japan",46,5.987,4.1584,1668,7,7.5,829.3,105.944781034025,6,5.12,3,5,30,63610245,50.0868828085157,98,100,100,100,18,90.58,43.5,42.0999984741211,84.6999969482422,70.099998474121,75.099998474121,59,0.00759089647579449,13200,0.0072155413875261,6.9019e+11,0.215281919519265,8.12206e+11,57.869612603185,120.232998305005,2.1,2218,57,12,6,25.7054221977529,348.726684222076,-0.162550165733791,12.9392124413157,61.3553653609314,51.3501682927038,100,12,6,0,1.38,69.472185196863,2560,263,8872528,-7.48221937096803,115904,911.683780139981,8,4,377962,14,6,6,197,360,97.7,13,10.2,11,330,51.3,3.40000009536743,3.90000009536743,118259272,0.408843226044034
"Jordan",82,5.192,23.7632,111,4,21.4,825,0.71,0,11.45,5,7,107,375483,5.0032299276784,98,98.6,96.9,97.8,5.5,44,10.5,39.7999992370605,70,66.9000015258789,43.9000015258789,41.7999992370605,0.211368656102752,470,0.47663578898871,8379263521,9.80905561467567,22726952394,66.1172840141133,147.804955007534,15.8,3257,120,12,6,3.7747285190848,74.419914395134,2.25003752532381,35.8488571392742,60.376414341641,48.7472025326577,0,16,7,2.2,1.27,23.6173390588384,2771502,1716,1093657,0.834445345247514,201,30.4222794006357,7,0,89320,25,6,6,63,689,50,21,12,12,151,29,19.5,9.19999980926514,5513343,2.53323974056616
"Kazakhstan",54,5.855,28.586,250,7,0.5,5285,179.1917,7,5.01,10,12,53,4338200,26.1229112419565,99,97.5,92.9,99.4,99,54.89,44.2000007629395,50.5,82.8000030517578,78.1999969482422,78.9000015258789,72.6999969482422,0.0353457842337509,2800,0.000366872499014062,55391357123,0.0230824594190013,48178365393,58.7652217155191,168.622904317115,13.5,5375,47,11,7,6.73203151277592,6.40408600955662,1.47906871521046,26.1308486985757,67.1371197886484,51.7158416016559,51.7,25,4,0,0.81,86.8286498410217,633,2212,8075744,1.63118801953543,250,14.4599684737983,6,3,2724902,6,4,7,154,370,88,11,10,79,188,28.9,4.90000009536743,3.20000004768372,9213367,1.34592242619391
"Kenya",125,4.419,91.531,630,3,42.7,2255,87.9222,0,4.54,8,9,129,179990,0.395183065552657,79,30.1,63.1,81.6,246,43.4,35.5,43.0999984741211,73,72.5,68,67.4000015258789,2.46034599373976,41,0.0440143758437232,6658027685,0.607132691957995,23011847257,39.7471166578984,73.8432480759004,36.6,54806,8200,12,6,2.75660104989831,78.8269722739572,2.64412139590371,42.1251552734876,55.1182436766141,50.0125324363861,4.9,15,9,0,1.21,86.0689676219019,551352,8556,33559306,2.08820549821105,350,7.80142771922608,11,7,580370,30,6,6,131,465,145,72,30,26,201.5,37.1,10.6000003814697,8,11304277,4.31292686705993
"Kuwait",39,6.295,10.1472,121,4,2,1085,0.2846,6,23.13,7,10,100,494000,14.1979685408656,94,100,99,99,21,78.7,24.2999992370605,42.7000007629395,85.1999969482422,83.3000030517578,70.4000015258789,68.5,0.00997497866366763,10000,0.032122860204241,92036927577,-5.6857631461093e-10,31647809152,67.7366437296579,218.430285244086,7.7,544,3,11,6,1.94627351476277,210.612850729517,4.3408509000704,22.4799307030069,75.5737957822303,43.8435637966375,32,22,8,10.9,0.22,52.5810295707261,614,994,62827,3.38977097152716,746,198.76790543124,12,2,17820,12,5,7,216,566,64,49,31,15,98,12.8,2.40000009536743,3.09999990463257,3690294,4.35712153809541
"Kyrgyzstan",77,5.286,39.9964,533,7,2.3,4760,53.6541,5,6.3,9,11,67,443095,7.87722343851528,96,93.2,89.2,96.7,142,28.3,37.2999992370605,58.7999992370605,83,80,71.1999969482422,67.8000030517578,0.264281600430643,380,-3.05143852678381e-09,1128115420,11.5118177522031,10597304040,27.7589398674707,134.460868104352,20.1,3494,120,11,7,4.23208776345197,30.4181438998957,1.98382797777331,31.049707740942,64.7182044956061,50.5321105062156,38.2,11,3,0,0.94,70.3749990463256,482,2437,3758100,1.82561586519594,53,9.08436460868671,4,8,199949,51,4,7,142,410,125,5,10,63,225,29,9.10000038146973,7.30000019073486,2076100,2.27085746781448
"Laos",99,4.876,64.541,1834,6,5.3,1950,7860.1375,0,5.03,10,10,139,920756,13.3557138294234,87,70.5,75.5,85.6,189,14.26,67.9000015258789,58.7999992370605,81.3000030517578,79.3000030517578,80.6999969482422,77.8000030517578,0.728084551574893,140,0.773816123237369,4685162224,88.3847651188727,7948457882,10.4390037331327,66.9933325577907,52.3,9111,380,11,6,3.77417667020466,28.9831022530329,1.64767691845082,35.1009672163007,61.1248561134947,50.2578296682762,0,11,4,3.5,1.4,96.2168980018299,0,7482,4177401,-0.070090796650697,14,2.09289462275574,6,6,236800,35,5,7,83,443,134,53,73,23,362,25.8,1.20000004768372,1.60000002384186,2511899,4.57140637703811
"Latvia",89,5.098,13.978,641,5,3.6,600,0.7537,6,4.98,5,5,22,387000,18.9602623277225,95,87.4,99.3,99.8,49,75.83,37.4000015258789,45.2999992370605,78.5,68,75.599998474121,60.9000015258789,0.0278697999039511,3600,0.00194292169580999,14382765500,0.0243875213011017,17612650100,91.2343458182934,124.197067185469,7.2,116,4,13,7,19.2601216274228,32.0043576137643,-1.11397660288086,14.6287186694776,66.1111597030996,54.1718567937129,0,12,5,76.8,1.48,81.1764717102051,183,213,648436,-0.945035885315851,718,360.740392021307,4,9,64490,7,6,6,149,469,107,17.5,12.5,10,193,35,9.30000019073486,10.6999998092651,1341915,-1.19550944627833
"Lebanon",103,4.839,12.6554,661,9,33.4,1080,1507.5,6,14.92,4,7,121,965723,19.4470343223825,79,80.7,99,99,16,74.7,19.1000003814697,42.4000015258789,76.4000015258789,71.1999969482422,51.9000015258789,47.7999992370605,0.0288273700450178,3500,0.419550821232924,3410334074,1.86195886159524,21549585892,64.9192747014718,88.3477845166066,7.3,705,13,12,6,8.13295068366613,444.454936461388,1.17998601933863,24.0565556968377,67.8104936194962,49.6785692903329,0,18,8,20.3,0.96,33.2865193521959,1606709,4272,560617,0.195332788373868,248,54.5441669192267,6,2,10450,20,6,6,244,721,75,25,15,22,183,30.3,11,5,3986157,1.31924956463513
"Liberia",116,4.571,110.5554,2391,4,17.4,1320,1,0,3.79,10,12,180,10040,0.228344098180684,58,16.6,74.7,87.8,308,5.41,34.5,35.5,65.1999969482422,65,62.2999992370605,61.5999984741211,3.6794075197764,27,0.431118726376886,903418303.8,1.28205449451169e-09,12820206262,77.392896600028,73.3534491444261,54.7,8167,1100,12,6,3.020433730599,45.6452865448505,2.36740833674657,42.6117363735325,54.3678298958684,49.6195201969543,0,22,10,1.7,0.91,89.6923065185546,38587,13548,2228701,1.60686389221385,11,2.50195948918175,4,4,111370,33,6,6,74,1280,465,44,4.5,15,143,33.3,3.90000009536743,3.70000004768372,2167853,3.15537719448659
"Lithuania",56,5.833,11.6044,656,7,0.2,750,0.7537,8,3.82,4,5,21,586694,19.5025940011708,93,92,96.6,99.7,62,72.13,28,36.9000015258789,76.3000030517578,67.6999969482422,74,61.2999992370605,0.0151575549424054,6600,0.00990950700521388,32367022200,0.220494488368473,34981558600,89.1765374342125,147.043250860041,3.6,119,3,11,7,18.6047851102476,46.7383007578779,-0.963688184350911,14.4537263122095,66.9414885775429,53.9516620623026,97.7,12,3,28.8,1.57,82.7178766977094,1007,183,980679,-0.868066294425201,606,206.873738403037,3,6,65300,11,4,8,103,300,135,2.5,3.5,10,171,42.4,10.1999998092651,12.5,1948644,-1.01177650863163
"Luxembourg",17,6.946,6.1496,934,6,2,1425,0.753730736717402,0,4.53,5,4,57,266400,49.6310275895603,99,97.6,100,100,6.6,94.67,25.3999996185303,29.5,74.9000015258789,64.3000030517578,68.599998474121,57.4000015258789,0.0159635727384986,6300,0.0474393190197454,19124501900,0.969755975709882,26625171400,89.7076711401002,148.371435331554,1.6,10,1,12,6,13.9523476704763,214.700386100386,2.31292952366768,16.6632229734464,69.3844293560773,49.8868971365841,0,11,7,0,1.52,78.6936175312325,1108,2,56319,-0.644238613412299,1471,2645.33137675921,6,3,2590,23,6,7,157,321,56,26.5,18.5,8,55,20.2,6.90000009536743,5.5,499755,2.65173196473906
"Macedonia",93,5.007,17.8554,619,8,0.6,1376,46.4371,7,9.76,6,8,14,392500,18.6157119454534,93,90.9,99.4,99.8,15,68.06,27.1000003814697,41.2999992370605,77.3000030517578,67.599998474121,64.599998474121,55.4000015258789,0.0118022210714393,8500,0.40597408015508,5108998508,11.0423555535863,7192771231,70.9701979823284,109.100166284551,5.2,127,2,11,6,12.0217283950617,82.300753370341,0.148595744777241,17.1472207166516,70.8310508882867,50.2129719963866,83.7,10,7,36.4,1.49,63.9053280148779,614,1768,891917,0.0370058047266387,159,76.6034327009937,2,6,25710,7,5,8,74,604,101,31,2,12,119,8.3,28.1000003814697,27.7000007629395,1183708,0.232760446513234
"Madagascar",147,3.681,117.494,1513,6,44.8,1195,2414.8117,0,3.73,5,9,166,249080,1.0566791173344,64,11.9,50.6,81.2,235,3.7,77.9000015258789,79.099998474121,91.099998474121,90.3000030517578,89.599998474121,88.4000015258789,1.76159700735155,57,10.5913483418815,2220764041,6.35203606486881,3789010579,41.0355331468371,38.2189102459948,37,29665,3000,11,6,2.81974415690535,40.5151478171193,2.7838697365537,42.0410260382858,55.1392298048089,50.1545093477084,0,15,6,2.6,1.35,95.6810615790971,11,281,15447015,1.81803021283366,22,0.933322071247007,8,1,587295,23,5,7,185,871,450,100,12,22,183,38.1,4.59999990463257,2.5,8124698,4.64629660574526
"Malawi",131,4.292,136.972,1181,4,106.6,2200,424.8958,0,5.59,11,12,144,64247,0.381760355725758,85,40.6,88.4,95.5,227,5.83,64.9000015258789,55.2999992370605,80.9000015258789,81.599998474121,82.599998474121,83,3.52429916716766,28,0.00862380926382134,1017436692,0.701651390801529,1721878657,22.7969514856998,30.4977721980393,45.1,27902,4200,12,6,3.41515040233292,177.081597369538,3.07228772774889,45.3608998917237,51.2239497059433,50.1077761445125,0,13,6,0,1.78,103.553923505034,5874,360,14006983,2.88414061583899,19,1.13804804275802,8,5,118480,35,6,6,153,432,172,69,38,34,174.5,35.2,9,6,2688270,4.05837965726059
"Malaysia",61,5.77,13.3984,2875,10,7.2,525,3.2729,7,17.64,4,4,17,4410200,14.6091665348257,94,96,98.2,100,103,67.5,32.5999984741211,47.7999992370605,79.4000015258789,75.6999969482422,62.7000007629395,59.5999984741211,0.0849359492498722,1200,0.69588487612521,2.34248e+11,0.0388876417301322,2.08961e+11,62.1625830336761,148.829848890429,6.2,3310,210,12,6,5.6735734361723,91.0120133921777,1.47095241053325,25.3709392770769,68.9551604680044,48.3747303745343,78.6,15,8,56.2,0.68,58.7846787238653,99086,468,7771529,-1.28412942168655,2647,88.5225157369924,3,7,330800,13,6,7,79,425,32,13,4,11,133,39.3,2.20000004768372,1.79999995231628,22130468,2.45674502282809
"Mali",138,3.995,175.4438,282,7,78.1,2440,494.415,0,1.6,6,11,142,157137,0.99654197012765,80,24.2,75,94.8,58,7,46.9000015258789,68.099998474121,81.9000015258789,81.4000015258789,67.099998474121,66.099998474121,3.87706201248751,26,29.4309701051461,464362817.9,6.79136199385392,4223212075,30.5322819511748,149.023888354728,75.9,54096,4500,13,7,2.55758186428649,14.0027553085995,2.93342046714661,47.5390877993719,49.9033303363416,49.5346781129042,0,13,5,3.6,1.47,62.5307132330908,15195,139267,10398040,1.65986587731333,22,1.28760222830101,5,6,1240190,35,6,6,124,620,120,29,11,26,270,48.3,11.1999998092651,6.19999980926514,6687982,4.94624463350555
"Mauritania",124,4.436,79.3816,92,6,19.8,1640,303,0,5.22,8,8,176,51432,1.29081578744607,84,39.7,57.9,58.4,111,10.7,22.8999996185303,56.7999992370605,80.1999969482422,79.099998474121,55.0999984741211,54,2.90765622195634,34,8.37760833193396,2393307818,1.49142729823665,3886430540,45.8514785589149,94.1992848711882,66.1,8546,830,12,6,3.19377774978744,3.85138740661686,2.47238250937251,40.2583115533583,56.5479106968542,49.690285606323,0,13,4,4.6,1.53,36.536030563876,49635,34114,1617424,0.964620825192459,10,2.51912964070914,7,2,1030700,49,6,7,104,370,75,49,9,31,734,71.3,29.5,31.5,2352201,3.52250181252557
"Mexico",14,7.187,63.4592,758,8,18.7,1499.3,13.2925,8,12.63,4,4,42,21098743,17.0427114582269,97,85.1,96.1,97.2,21,44.39,34.5999984741211,61.2000007629395,83.3000030517578,79.9000015258789,65,61.5999984741211,0.0937593908646881,1100,1.73075916604352,3.97535e+11,0.991247568390205,4.39975e+11,73.7203907145179,82.5432495674549,11.9,28319,930,12,6,6.30848223499061,64.5005442526814,1.32121763533464,28.0642774052472,65.6272403597622,50.2591046310631,100,10.5,6.8,0,1.03,56.445553958486,1837,10666,26367387,-0.00149046650409893,4277,34.1107116941991,6,8,1964380,6,6,6,86.4,389,78.9,63.7,6.3,12,334,51.8,5,4.90000009536743,99018446,1.67640822347046
"Moldova",52,5.889,23.236,450,7,4.6,1510,14.0356,6,2.52,9,11,49,1218274,35.1961934257435,90,76.4,88.4,96.9,153,46.6,19.2999992370605,23.5,49.4000015258789,45,46.7999992370605,41.2999992370605,0.0325232100543348,3100,0.397522710794618,2303119500,0.116858895076873,5302489500,50.8680403799008,107.995221559031,13.9,618,10,11,7,9.89224868257562,123.843019814047,-0.0608857460994868,15.7867712420869,74.3209800753375,51.9141820182008,8.8,27,5,0,1.21,84.6666632758247,335,2242,1958687,-0.144380266517264,172,48.3635136655044,5,8,33850,21,4,7,276,567,113,5.5,6,23,185,39.7,2.59999990463257,4.19999980926514,1597713,0.0415680422867789
"Mongolia",100,4.874,16.3448,241,6,1.2,2745,1817.93870833,6,7.5,11,12,59,228327,7.92412755538511,98,59.1,64.2,67,170,27,30.8999996185303,41.2999992370605,72.3000030517578,69.8000030517578,66.099998474121,63.2999992370605,0.132944545041227,750,0.00519220430766849,4835624595,95.7420323062976,5872221219,54.2019259119116,105.060985661559,19.9,1432,32,11,6,3.9828569720101,1.87303419243544,1.75759783749282,27.8994842039389,68.117658824051,50.4772548336335,0,17,5,32.7,1.01,81.6618875471017,6,2146,837403,-1.17352243739361,83,28.5236012180609,5,5,1564120,41,5,6,137,374,79,10.5,11,44,148,24.4,4.80000019073486,4.90000009536743,2072468,2.96675770261143
"Morocco",92,5.013,32.0718,346,6,9.2,595,8.4063,6,7.88,4,6,80,2487738,7.42765580618871,99,76.6,85.3,98.7,106,56.8,19.3999996185303,52.5999984741211,78.9000015258789,75.9000015258789,52.7000007629395,50.7000007629395,0.327363391299408,310,0.543746284682976,23599415789,1.70030908640982,45611265950,74.1305750273744,131.71305603822,24.6,17823,890,12,6,6.07918003379773,76.0053842706699,1.39081937925812,27.3273828171719,66.5934371490304,50.6252593694864,21.1,12,8,0,1.38,35.1778659106296,1216,1532,13670584,0.160238517877274,167,4.923174452274,5,2,446550,6,6,6,94,510,62,40,11,10,232,49,10.8999996185303,9.89999961853027,20250619,2.23019284360401
"Mozambique",94,4.971,142.5334,1032,5,13.5,1100,33.6,4,2.82,7,9,128,68763,0.259747893106242,85,20.4,50.9,80.6,551,5.94,70.3000030517578,60.2000007629395,82.599998474121,82.6999969482422,84.3000030517578,84.099998474121,2.65375588654999,38,6.21000497594451,5224202138,1.0571336486385,12785069041,26.7642739941071,69.6718733219917,58.5,60985,5400,13,6,3.33793646125576,34.6095729799842,2.79097018326742,45.5146802597093,51.147383279035,51.202129931369,0,10,6,5.7,1.55,103.143901087618,4536,58,18525030,2.40239452436562,48,1.76365054499006,10,1,799380,37,7,5,130,950,91,40,19,21,230,36.1,25,19.7999992370605,8691246,3.62427668359765
"Myanmar",129,4.307,16.7116,2091,3,131.1,620,984.34574756,0,6.14,8,8,177,526792,0.980644486812272,86,79.5,80.5,92.7,369,2.1,57.2000007629395,57.5999984741211,85.099998474121,82.3000030517578,82,78.599998474121,0.402535082038769,250,0.0598471335483872,22479323355,2.04036151762879,24318170708,25.7793465086441,49.4717581826513,40.7,37267,1700,10,5,5.2417700574239,81.8232972989527,0.85196116019991,28.057395416549,66.7008345260271,51.14927610579,0,14,6,0,1.14,91.251513595803,0,223891,35508458,0.0366205163343163,26,0.486552812435257,12,2,676590,31,5,6,95,1160,98,85,74,20,154.5,32.4,3.59999990463257,3,17928701,2.48666336449149
"Nepal",121,4.514,72.5268,1500,6,32.2,2545,98.2124,0,4.96,11,11,94,838900,2.98320741203823,88,44.2,90.7,91.1,158,15.44,74.599998474121,75.9000015258789,88.6999969482422,87,85.6999969482422,83.1999969482422,0.704186988378942,140,32.0366309777535,917373076.1,10.3709289266272,8493066615,10.510639412613,82.4872887413347,30.5,16885,1600,10,5,5.38751683956158,196.544987792117,1.21317249181108,33.5158598181831,61.0966233422553,51.5377932362354,1,10,3,0,1.31,91.8390822136539,38490,8561,23034809,0.766504972079081,84,2.98139566513589,7,6,147180,34,5,7,86,910,70,5,17,40,334,29.5,2.59999990463257,2.90000009536743,5139915,3.23981291233599
"Netherlands",7,7.378,4.0888,778,4,5,915,0.753730736717402,7,5,4,4,25,7125500,42.4074732377033,96,97.7,100,100,5.8,93.17,71.6999969482422,69,84.4000015258789,70.1999969482422,79.5,64.1999969482422,0.0115850428294797,8600,0.377763470230547,6.56783e+11,1.4833971951162,5.84307e+11,72.8796142267678,116.423407687313,3.3,586,12,12,6,17.7076918334221,500.569735669736,0.295621410637362,16.6988063803576,65.5935017862203,50.3893106600538,79.4,13,5,0,2.15,83.0484355719339,82494,68,1700587,-5.84496174048986,44412,2635.07284808762,4,3,41500,9,6,6,161,514,110,2.5,4,7,123,39,6.59999990463257,7.09999990463257,15153596,1.00887339840225
"Nicaragua",57,5.828,89.6316,2280,1,73.9,1140,25.9589,8,12.45,5,5,123,339629,5.50517411382126,99,67.8,86.9,99.3,58,17.6,32.5999984741211,63.5999984741211,82.599998474121,80.4000015258789,66,63.5999984741211,0.388376029110616,260,0.0856681005380982,5394179892,0.316010783511137,6857382292,46.3540830955007,114.565599263057,19.4,2360,190,12,6,4.95996533371866,49.9743476815689,1.1416431235096,30.5239700008962,64.5160646653851,50.715199903956,40.7,16,9,16.2,1.18,59.3283580319162,280,1587,2498240,0.390998127638523,68,11.3071140204389,6,1,130370,43,6,5,207,519,55,58,13,21,207,63.1,5.30000019073486,5.30000019073486,3515673,1.67849755870225
"Niger",144,3.845,203.604,151,7,76.7,4475,494.415,0,4.18,8,10,164,105300,0.568120447145861,72,10.8,58.1,100,98,1.95,35.5999984741211,80,90.8000030517578,89.5,65.6999969482422,64.6999969482422,4.54164852908545,22,0.0177649508963701,456749704.7,-1.13356558638938e-09,1964129900,44.9821430251584,44.4374857632685,58.4,53439,5400,13,7,2.57288374094264,15.0893881739954,4.02943651655582,50.4087637953203,47.0183524637371,49.6096365920871,0,15,4,1,1.09,44.8044675688504,77830,738,15583614,3.7245004231087,3,0.156955252266852,6,6,1267000,41,6,7,152,545,115,35,15,56,270,47.8,4.59999990463257,5.30000019073486,3530114,5.38679557761047
"Nigeria",78,5.268,111.886,1150,4,33.9,1564,158.55,6,5.27,9,13,170,183290,0.102673750156456,51,29.3,67.6,80.6,322,42.68,34.7999992370605,40.2999992370605,63.7999992370605,63.7999992370605,56.2999992370605,56.2000007629395,4.58328512020479,22,16.8168511019718,93422556078,1.22301211209802,66791173725,41.5056411816021,77.8415471511874,71.5,490812,58000,12,6,2.74991569845399,194.863671398926,2.66048733292991,44.0711792974628,53.1789050040832,49.0890542228062,5.8,16.1,12.1,0.1,0.56,75.7053288630821,1239,54537,94165209,1.07487391601523,412,2.32144082862005,8.7,6,923770,59,6,6,106.3,509.8,181.2,69.6,30.8,22.9,907.9,32.4,7.30000019073486,7.59999990463257,83310777,4.48348809050945
"Norway",4,7.522,5.9398,1414,7,0.9,1265,6.30166666666667,6,5.24,4,5,8,1156951,22.7212935621192,94,98.1,100,100,8.1,96.3,58.0999984741211,56,80.099998474121,68.5,78.099998474121,64.8000030517578,0.00886312186387961,11300,0.00425096629841959,1.42845e+11,0.206138316993592,89184284171,81.4266779770478,116.513149057213,2.2,134,3,13,6,16.033698720078,14.0630946351079,1.11300002968414,18.0764262418002,65.8898750381218,49.6832926376805,100,11,1,0,2.27,89.343066807211,47043,13,1016611,-0.236977878025818,9975,1941.99329306577,4,5,385178,4,7,6,110.5,280,66,3,5,8,83,40.4,3.29999995231628,3.59999990463257,4119864,1.44894071618608
"Oman",22,6.853,8.5776,125,8,2.4,765,0.3845,6,14.49,7,8,77,375196,9.55550145014939,99,96.7,93.4,95.5,9.6,70.22,25.3999996185303,58.7999992370605,85.1999969482422,83.1999969482422,68.5,66.3000030517578,0.0565004825987592,1800,-4.50045852196319e-09,53849338454,2.18432666244617,36682968777,74.173121347562,157.753256596473,10,812,14,12,6,2.53136348259715,13.6867754442649,8.08855915954617,21.1093948924672,76.3592416249356,34.2387744074265,0,12,2,20.6,0.31,35.2163465285795,151,29,966753,6.01138927133781,336,79.3190459901743,5,1,309500,14,6,6,157,598,62,16,7,10,68,22.9,14,6.09999990463257,3269304,8.71114867099669
"Pakistan",81,5.194,39.156,494,6,9.6,765,102.893164489796,3,7.93,8,8,136,4897814,2.64556613770583,63,61.8,91.3,94,270,13.8,22.1000003814697,67.1999969482422,85.9000015258789,83,56.5999984741211,54.5,0.727696048656367,140,0.534320834246049,26965607127,1.84152699167929,58962136786,53.8411527503784,73.3321910549828,67.4,359601,10000,10,5,4.4909308899168,240.042919779992,2.10343724180588,35.1889249906371,60.3201441194461,48.626325051723,4.5,10,6,7.3,0.94,29.8795171530849,1505525,315759,114166773,1.38797766404816,342,1.84820621805096,10,3,796100,47,5,7,250.4,993.2,178.3,50,19,20.7,594,32.6,9.30000019073486,4,70877513,3.26674473488944
"Panama",25,6.786,75.3262,2928,4,6.4,665,1,8,8.54,3,3,66,588397,14.9871230817391,90,74.5,94.4,97.7,46,44.92,33.2999992370605,63.2999992370605,86.099998474121,81.6999969482422,70,65.5,0.247799720921378,400,25.9103581034863,810720342,3.92646222758772,13592488305,47.4165505783748,158.054282495466,15.1,1141,73,12,6,7.44342326572351,52.0249529190207,1.61218773355267,27.4760280126747,65.0805487216017,49.8499690371257,63,16,7,0,0.96,60.097919593836,2271,89,1303669,0.731998818625284,451,116.611743655843,5,7,75420,52,6,6,98,686,35,22.5,6,10,417,37.2,5.59999990463257,3.59999990463257,2563866,2.06273317272777
"Paraguay",53,5.878,57.9838,1130,6,40,1850,4462.2361,8,7,7,9,95,371902,5.37618724701229,90,87.8,96.6,99.7,43,43,46.5999984741211,73.599998474121,88.099998474121,84.8000030517578,73.599998474121,70.4000015258789,0.380226409042291,260,0.00976254094966235,9652957978,0.079394409645901,12428838007,39.8361022680598,105.604533030992,18.1,2468,190,12,6,5.85805334682026,16.4926201862572,1.33429161062361,30.570721057157,63.5712255960228,49.2479379682742,45.5,12,6,22.8,1.59,65.9198107478372,153,94,2659274,0.739772852511517,158,24.1128677555712,7,2,406752,20,6,6,120,591,67,46,35,29,378,35,5.59999990463257,3.79999995231628,3893244,1.74241790939224
"Peru",58,5.824,49.6782,1738,9,9.2,890,2.83938113275613,8,6.54,5,7,45,3032536,9.85579125431679,89,75.4,86.3,91.3,120,40.2,55.2999992370605,67.3000030517578,86.9000015258789,84.4000015258789,78.3000030517578,76.3000030517578,0.181445018440015,550,0.145170090928943,38105519122,0.535184014544126,46580644861,52.64177359496,102.915807321747,13.6,8469,430,12,6,6.67629909623652,24.197771875,1.32499895965774,28.1772166006503,65.1464843031131,50.0460237364313,100,14,4,33.5,1.46,81.0426543711684,1303,4343,6725819,-0.187800651455383,869,28.0565604761905,6,8,1285220,9,6,5,174,426,67,6.5,26,12,293,35.9,4.80000019073486,3.70000004768372,24247329,1.74871175039467
"Philippines",90,5.073,60.7682,2348,2,16.6,755,44.3952,5,6.71,6,7,97,3093236,3.09025402847268,88,73.2,91.5,93.6,288,39.69,36.9000015258789,57.7000007629395,81.3000030517578,79.599998474121,67.099998474121,65.1999969482422,0.365501939962105,270,0.00629021815759556,61796188932,0.470214134596141,70976037526,65.4272525423653,111.218723380687,22.8,53319,2700,12,6,4.49274042253332,332.490492001207,1.59325324844282,32.2273715741049,63.2798880033618,49.504879477427,11.3,24,9,0,1.05,64.1959792131583,222,668,55033870,1.85480023185522,1084,10.9341771613081,16,3,3e+05,36,6,4,98,842,42,35,34,15,193,42.5,7,7.09999990463257,44104820,1.26785208191634
"Poland",60,5.791,13.664,600,7,12.9,1050,3.1545,8,5.63,5,4,28,5035800,13.1756369866331,98,97.2,98.3,99.3,21,66.6,29.5,39.2999992370605,74.1999969482422,64.9000015258789,67.3000030517578,56.5,0.00464138659178217,21500,0.352160215466758,2.08786e+11,0.287722548446735,2.10891e+11,86.0380756409709,156.449373312148,4.5,1709,12,13,7,15.018130255603,124.083240259952,-0.117489522558284,14.8834745460989,70.0983951982982,51.6306121801118,84.3,16,6,0,1.42,75.3466877907237,15741,1310,14982397,0.00685494584443161,16327,429.708453328811,4,7,312680,19,6,6,156,685,154,33,30,15,288,40.1,9.89999961853027,8.69999980926514,23013132,-0.198359335986818
"Portugal",88,5.102,10.2834,854,6,2.3,780,0.753730736717402,7,9.59,4,4,23,4588563,43.2462915294416,98,99.7,100,100,25,64.59,34,36.5999984741211,77.1999969482422,66.1999969482422,73.6999969482422,60.2999992370605,0.0126003114892119,7900,0.537195866464676,63529541300,3.00996837198949,77791104900,81.6232075397608,111.796268985318,3,257,9,12,6,20.3677383066488,113.50865720524,-0.574471933978554,14.2312361743888,65.4010255189624,52.5789141926968,23.4,14,1,100,1.89,82.9305197231382,699,31,3856601,-2.09949255066272,2733,262.854352047672,3,2,92220,8,6,6,113,547,52,1,2.5,15,275,42.4,14.3999996185303,14.1000003814697,6540792,0.33573644205328
"Qatar",28,6.611,10.8858,74,5,5.2,927,3.64,5,19.78,5,7,65,417589,18.4128953629676,99,98,100,100,29,91.49,30.7999992370605,77,95.9000015258789,95.5,87.1999969482422,86.599998474121,0.0301297307096439,3300,0.000407926638979024,1.31584e+11,0.739643749992022,30354695541,73.7240469873316,145.764746136982,7,194,3,12,6,1.15116260332909,187.085701981051,3.31278379083863,15.2642761611646,83.5845612355063,26.7645765665392,0,15,7,23.3,0.23,53.0890060344916,133,21,18267,-7.70948496927769,503,231.576863491654,8,1,11610,4,6,6,57,570,90,13,8.5,15,41,11.3,1.89999997615814,0.100000001490116,2153798,3.41166239449237
"Romania",86,5.124,35.12,637,9,2.1,1485,3.3492,7,7.99,5,6,37,4600000,21.2567665833278,89,79,100,100,81,54.08,25.5,34.2999992370605,72.8000030517578,65.099998474121,65,56.7000007629395,0.042715493091866,2300,0.00695393994986648,68655707900,0.198072533456453,77392097700,80.7916002514556,105.914150019538,10.1,1752,57,11,7,16.927709635584,86.5582532713124,-0.364449926099552,15.577587400976,67.4947029634399,51.5387688932895,46.6,15,8,12.3,1.59,75.2688189685269,2182,1921,9080807,-0.710293541530912,2491,125.106756342413,5,10,238390,14,4,8,257,512,182,19,8,13,159,43.2,6.30000019073486,7.5,10830188,-0.0735450790254123
"Russia",64,5.716,24.1302,460,6,1.2,2400.5,38.3782,7,5.03,9,10,54,39425947,27.6736134296199,98,72.2,96.9,98.9,84,70.52,35.2000007629395,43.7000007629395,79,71.8000030517578,73.599998474121,63.7999992370605,0.0446097444182564,2200,0.0520812072319167,4.97615e+11,0.21568783919295,2.85844e+11,58.7412415842208,155.144239024479,8.5,16412,460,11,7,13.2313586817099,8.78187156642264,0.217632654954767,16.3505078298607,70.4181334884293,53.5606690495574,64.6,19,3,0,0.81,79.5264568902037,235750,72777,37502391,-0.0619262054624751,12141,84.4182755129797,4.4,4,17098250,7,4,7,263.5,307,175.2,19,11.2,21.1,168,48.9,4.80000019073486,5.40000009536743,106317178,0.316431187670982
"Rwanda",154,3.465,27.0462,1212,7,59.8,3245,683,7,6.25,7,9,55,49612,0.41001486853483,98,60.8,75.5,86.5,63,10.6,73.6999969482422,70.6999969482422,86.099998474121,85.099998474121,87,85.6999969482422,1.26323274590957,79,0.930245923941564,452116399.5,0.871864935207019,1521120682,37.9585951684239,64.0246911396805,32.7,11123,1100,13,7,2.74674241884526,459.730198621808,2.35027091048529,41.4170151788857,55.836242402269,52.1450959410817,15.7,11,3,2.4,1.41,101.292595174905,73820,79411,8183945,1.01223629349006,44,3.87954232686484,8,11,26340,25,6,6,77,230,34,32,6.5,26,119,33,0.400000005960464,0.800000011920928,3157599,5.90392899103081
"Saudi Arabia",35,6.411,9.233,59,8,4,1285,3.75,8,23.9,6,8,84,3922288,13.355003032405,98,100,97,97,12,63.7,10,27.8999996185303,79.9000015258789,78.4000015258789,56.9000015258789,55.2000007629395,0.0345098291145478,2900,1.01564379310288,3.33227e+11,0.0468785371191369,1.70445e+11,62.1619584608712,179.561171569293,12.9,8052,75,12,6,2.79464731325567,14.3679065353609,2.24439270805474,28.8247779089568,68.3805747777875,43.4446746957292,47,13,5,0,0.16,26.0204071702684,534,630,5273569,1.03931195787099,1417,45.8775819697541,12,2,2149690,3,6,6,106,575,61,8,20.5,13,64,14.6,20.2000007629395,3.09999990463257,25612976,2.49432523223532
"Senegal",142,3.904,80.2572,686,7,63.8,1225,494.415,0,5.14,6,6,156,311945,2.14422142824689,80,47.1,77.8,92.8,138,17.7,53.2000007629395,79.099998474121,89.599998474121,88.099998474121,78.099998474121,76.599998474121,1.70004574808336,59,0.130684687072947,2573248739,9.9202166168826,6048666586,56.9598410329704,98.8421774805919,42.3,23936,1800,13,7,2.95949778896753,76.2091985664572,3.12562498146785,43.794929540911,53.2455726701215,50.9294801172011,0,13,5,1,1.7,75.0283764119901,14274,23118,8305694,2.57244884694199,52,3.54403121419123,4,6,196710,58,6,7,200,740,114,71,6,12,620,45.1,12.8999996185303,7.5,6366863,3.85188429535683
"Sierra Leone",123,4.507,119.6006,2526,6,37.9,1185,4524.1579,0,3.76,7,8,147,16500,0.265898215452328,78,13.1,61.6,84.3,310,2.1,47.7000007629395,40.0999984741211,70.099998474121,69.1999969482422,68.9000015258789,67.4000015258789,6.27907844767816,16,4.53403158979062,1987394598,0.632465022775106,1377937354,43.0131945432296,76.6560382584021,90.2,19645,3200,12,6,2.67454046922024,87.4982959268495,2.18934116926441,42.6582665505737,54.6671929802061,50.5366767226754,0,16,7,1,1.04,94.7976898368743,1372,4997,3816028,1.60845229424073,6,0.950024439378703,6,5,72300,33,6,7,166,515,82,56,12,25,344,31,2.20000004768372,4.40000009536743,2499599,3.08271816137574
"Slovakia",45,5.995,20.4052,824,3,1.5,1525,0.753730736717402,6,7.21,5,5,29,918662,16.8433454574257,97,98.8,100,100,6.7,79.98,24.6000003814697,37.7999992370605,77.6999969482422,68.5,70.1999969482422,59.5,0.00818919795344459,12200,0.0105926030093698,81915874900,0.0186888072900263,80728032500,89.9073996384094,116.940134070288,6.1,335,3,10,6,13.4559598706292,112.678963566794,0.0944063525656957,15.0639487163695,71.4800914130013,51.528187796073,65.7,10,3,2.8,1.77,74.7445266612255,799,319,2505680,0.50179967814753,1741,321.306278889421,7,7,49036,21,4,9,286,705,121,16.5,11.5,16,207,51.3,14,12.8000001907349,2912826,-0.254719727593182
"Slovenia",55,5.848,3.9208,1162,5,0,745,0.753730736717402,4,7.17,5,7,35,769682,37.0825287436066,94,99.1,99.5,99.7,7.7,71.59,30.7999992370605,37.2000007629395,74.1999969482422,63,70.9000015258789,57.5,0.0141411429923129,7100,1.77801876787595,36024176600,0.412863565631088,34021868100,79.0615483574813,112.083010533862,2.2,49,2,12,6,17.6083749421607,102.39414101291,0.109893559871506,14.5925013116703,67.7991237461691,50.4234613768763,100,12,5,3.2,1.78,82.8571440681579,257,26,1037399,0.247172625896959,1337,648.331068781283,2,3,20270,10,6,7,224.5,1270,38,64.5,6,16,245,31,10,9,1024819,-0.0288789787434357
"South Africa",113,4.642,46.5808,495,8,0.3,1830,10.8444,7,9.36,5,6,69,4302606,8.09680883879887,70,65.8,92.8,99.5,834,49,24.1000003814697,28.7999992370605,64.3000030517578,61,56.5999984741211,52.5,0.341525550747502,290,0.622900911059855,91026345184,6.0123774725726,1.09364e+11,57.1669790156958,149.681805604295,34.4,36088,1600,14,7,5.02803328737243,44.5160317865946,1.57611957984501,29.5261410363057,65.4458256763218,50.8537336970924,55.4,19,7,0,1.19,73.2786897753107,112192,424,19279777,0.1577350805447,6240,115.551376447441,6,5,1219090,7,7,5,141,600,226,23,46,16,200,28.9,27.6000003814697,23,34722176,2.37246367409991
"Spain",36,6.329,8.522,636,5,5.3,1310,0.753730736717402,7,7.85,4,4,34,19089024,40.5576444955363,96,99.9,100,100,12,76.19,34.7999992370605,38.5,80.099998474121,65.8000030517578,74.4000015258789,59,0.00682763766918679,14600,0.324603975449068,3.16875e+11,4.24758548323471,3.5518e+11,71.1407296863562,107.849270058927,3.6,1390,21,12,6,18.4415918160846,92.7702404989904,-0.463196350953176,14.8728647620751,66.6855434218403,50.8850875781425,15.3,13,5,50,1.63,79.7872303420775,5798,60,9580230,-1.55194903713355,14699,316.757376779139,7,5,505940,9,6,6,205,510,132,12.5,14,10,167,58.2,26,23.7000007629395,36824372,-0.177992534668797
"Sri Lanka",132,4.271,15.361,1712,6,20.7,560,130.5647,6,7.8,7,7,113,2678739,12.4907540063253,99,95.1,95.6,98.5,65,25.8,26.3999996185303,48.7000007629395,81.099998474121,76.1999969482422,59.5,54.9000015258789,0.0660515442570832,1500,0.00281351924608791,10911611610,2.92206062246675,20545420515,45.9839248452706,103.157848107611,8.6,2738,100,10,5,8.90503322883257,329.118162972413,0.758721600871981,24.7907087209069,66.3042580502606,51.752580909512,44.5,12,9,0,1.27,46.0629919683098,511,121996,16857935,0.734237613532364,236,11.4346625320994,9,3,65610,47,5,8,169,1318,104,51,11,16,167,55.4,7,3.40000009536743,3781065,0.867956830248021
"Sudan",118,4.55,76.022,250,0,25.1,2630,5.7369,0,17.91,7,7,158,415106,1.0781974025974,86,23.6,55.5,66,94,24.64,27.2999992370605,43.2999992370605,76.5,76,54.5999984741211,53.5999984741211,1.44250853329963,69,6.46067330344251,4350209667,5.76972190338338,9211300000,57.4371912759328,72.1989896103896,48.8,61939,4200,12,6,3.2910240980787,21.5746877104377,2.1452695617024,40.8548057378203,55.854170164101,49.8065375605771,1.3,15,6,0,0.82,41.3157889717504,244430,659395,26119531,1.90000299930884,1,0.0254127836568559,10,3,1879357.5,42,6,5,270,810,70,9,36,32,180,45.4,21.6000003814697,12,13230743,2.63123683197814
"Suriname",40,6.269,46.5188,2331,1,100.3,1050,3.3,0,10.83,8,6,154,84900,15.6087695913959,85,79.2,94.8,98.1,38,40.08,17,38.7999992370605,73.5,68.6999969482422,59.2000007629395,54.5,0.382272874274133,260,2.73419369168814,1283565018,0.0465227973078169,1821359048,73.3196862713172,170.57498736039,19.5,192,15,12,6,6.79816738752397,3.45030769230769,0.895407485462734,27.1295016423656,66.0723309701104,49.8861119781216,0,10,6,0,1.29,58.9519676842377,0,17,182547,1.05790789293187,30,55.7363891737638,13,2,163820,30,6,7,223,1715,113,106,84,22,199,27.9,8.89999961853027,3.59999990463257,355701,0.812114127856865
"Sweden",8,7.364,5.618,624,8,0.5,725,6.860785,5,4.51,3,3,9,3820882,39.671669161494,97,99.3,100,100,7.5,92.52,55.5,54.5999984741211,83.599998474121,67.9000015258789,81.3000030517578,64,0.00781508362747835,12800,0.0016267984160284,1.57907e+11,0.752239799375572,1.61114e+11,88.5701402733468,127.837746272269,2.4,267,5,13,7,19.6316243418311,23.7873889134384,0.924592435436623,17.0640920508362,63.3042836073327,50.0578826860741,100,7,1,0,1.82,88.6597929456531,142207,18,1388998,-0.123250327055556,15525,1602.24076337871,3,6,447420,6,6,6,116,321,52,14,16,9,122,49.1,7.69999980926514,8.19999980926514,8300557,1.10101368275846
"Switzerland",1,7.587,3.0578,1537,0,2,1660,0.916151047283613,6,5.63,3,4,26,4374700,53.6253465354302,93,99.9,100,100,6.3,87,66.9000015258789,68.5,88.5,74.6999969482422,83.4000015258789,68.099998474121,0.00807617040012794,12400,0.00646878567308671,2.38905e+11,0.030418359359997,2.02909e+11,85.0000690366164,140.53868791659,3.5,296,4,13,7,17.8373971838849,207.263614738334,1.23939711432935,14.7633474166288,67.3992553994863,50.5259345472011,26.3,13,4,0,1.74,82.7309260532905,62620,19,2142236,1.02170970817723,23100,2820.43395856209,6,6,41285,19,6,7,156,390,39,16,10,8,63,28.8,4.69999980926514,4.30000019073486,6047993,1.31661711415191
"Tajikistan",106,4.786,38.3492,691,8,23.3,9050,4.934758333333,6,6.44,11,12,138,440700,5.24084644605323,98,95,73.7,93.1,91,17.49,38.5999984741211,56.7999992370605,80,77.4000015258789,70.9000015258789,68.099998474121,0.131372851334164,760,52.4870062372553,629599509.8,42.3825444636469,5835246507,25.9788833511674,95.1260603735521,39.7,10521,83,11,7,3.05597745375995,59.2729351243212,2.24228046358466,34.9258544041351,62.018168142105,49.3855112924068,7,27,6,0,1.32,76.3565856705582,2026,713,6081514,2.14546425883845,12,1.44650812937569,4,1,142550,36,4,7,242,430,133,37,28,71,281,81.8,9.89999961853027,11.6000003814697,2214326,2.50866362660351
"Tanzania",146,3.781,119.3834,1071,2,25.6,1090,1653.1,0,9.15,7,11,140,151274,0.298033043773921,99,15,55.5,77.8,327,4.86,80.599998474121,80.1999969482422,91.099998474121,90.099998474121,90.5,89.099998474121,2.32908162926222,43,2.41727059275354,4019364052,8.45718621284853,15869429716,31.2925416264031,62.7743323400015,36.2,72398,8500,14,7,3.19314802699771,58.5037491533077,3.15436942789149,45.2403362616491,51.5665157113532,50.3130978265264,0.59,18,8,0,1.29,97.6692580358653,88492,857,35808913,2.13926280963011,78,1.50513421542303,9,5,947300,49,7,6,205,515,109,67,26,18,181,44.3,4.09999990463257,2,16013708,5.46227990215349
"Thailand",34,6.455,44.6358,1622,10,6.6,595,32.4798,6,7.36,5,5,46,5690000,8.46436840073063,99,93,97.8,97.6,171,34.89,40.4000015258789,56.0999984741211,85.9000015258789,80.5,78.3000030517578,72.099998474121,0.029483959999906,3400,1.20870783137212,2.25242e+11,0.486559395396547,2.28201e+11,61.3638122287273,144.438719549621,10.9,8228,150,12,6,10.0838778572695,132.564698858854,0.406217867061089,17.9694929179244,71.946629224806,50.6910206495502,52.7,17,3,0,1.29,79.7515490040276,75137,231,34422406,-1.98690683600561,1581,23.3440700798138,6,3,513120,22,6,6,118,440,37,3,27.5,14,264,26.7,0.899999976158142,0.899999976158142,33303573,2.9414412244141
"Togo",158,2.839,91.9554,1168,7,94.9,1015,494.415,0,4.72,6,7,152,63200,0.903729370804165,82,11.6,62.4,90.9,58,5.7,67.4000015258789,64.1999969482422,82.4000015258789,81.4000015258789,82.3000030517578,81,1.78621718382838,56,1.27329276992182,1179301484,0.628384661529945,6815222054,56.2176844711127,68.9651326337248,53.6,13234,960,12,6,2.7576599439816,130.817484831771,2.65531929954752,42.4270533226013,54.8152867334171,50.6201193142026,0,12,5,3,1.25,99.0171952865339,21778,9277,4306879,1.84905933671223,30,4.21634753834874,6,6,56790,50,6,7,165,588,74,295,10,24,270,50.3,7.30000019073486,6.5,2808284,3.90459597747875
"Tunisia",107,4.739,6.7968,207,4,4.2,805,1.6977,5,9.41,4,6,75,949395,8.54010637318914,98,91.6,97.7,100,33,46.16,20.6000003814697,42.2000007629395,75.8000030517578,71,51.2999992370605,47.7000007629395,0.143176401576153,700,0.326504807172027,15361503948,0.00307148643738336,25628956982,72.8230924764756,128.485767478863,12.6,2641,130,12,6,7.4869134784658,70.7814109165808,1.00626446006026,23.297943586405,69.2151429351292,50.5609985270644,0,17,4,30.2,0.91,35.4929588210415,901,1486,3667916,0.441221948843703,197,17.9146281577942,10,2,163610,8,6,7,93,565,65,39,11,16,144,62.4,15.8000001907349,12.3999996185303,7328684,1.29026463860346
"Turkey",76,5.332,28.416,593,9,16.4,990,2.1885,7,14.84,7,8,51,12528865,16.5207770558495,94,94.5,100,100,18,51.04,26.2999992370605,52.5,75.6999969482422,70.8000030517578,53.5,49.4000015258789,0.0357960238029315,2800,6.19795434578841,1.57617e+11,2.62895557649238,2.42177e+11,62.5802222068983,94.7933027959168,12.3,17395,220,11,6,7.38828835350513,98.6608474201889,1.22186550135945,25.9449422156719,66.666769430823,50.8419660814304,0,19,7,63.6,2.06,41.3841779295418,1587374,63975,20584500,-0.681772754584271,4354,57.3405157970355,8,3,783560,11,5,7,104,420,70,7,7.5,13,226,40.3,10.6999998092651,8.60000038146973,55347848,1.93919881533637
"Uganda",141,3.931,114.8464,1180,3,64.4,2800,2538.0295393182,0,5.19,7,10,135,324442,0.835230120904247,82,19,78.9,95.5,161,17.71,58.5999984741211,59.2999992370605,79.5,79.1999969482422,78,77.4000015258789,2.2400595236332,45,0.088874803888006,1933264850,3.59625379643819,4736293608,44.6789021892477,52.4292396291441,39.1,60673,5800,13,6,2.49860975728986,188.424950129663,3.25376537015281,48.3258370550056,49.1755531877046,50.0266429551027,4.9,18,10,0,1.4,95.5808079105265,385513,7190,31826108,2.86394897955162,61,1.61448394304408,15,6,241550,31,7,6,159,490,132,42,35,28,209,36.5,4.59999990463257,3.09999990463257,5956863,5.36260721756721
"Ukraine",111,4.681,24.885,565,4,1.2,1880,11.8867,7,2.58,8,9,87,10461083,24.6403429995212,79,95.9,96.3,95.8,94,43.4,36.0999984741211,46.5,73.5,67.099998474121,67.9000015258789,59.5999984741211,0.0374664562965204,2700,0.0756864878567975,53911031359,0.311463321637916,54381743909,70.2999149677379,144.082158980983,8.1,3700,120,10,6,15.2776144843696,78.3037008906994,-0.278913804543261,14.5981877405603,70.1241977750701,53.7111485169367,48,10,7,0,1.17,79.7317454792994,3219,237636,13843850,-0.958161794013169,2063,45.4776921228581,6,8,603550,5,4,7,67,378,263,27,21,29,350,52.7,6.5,8.89999961853027,31519050,0.0208911365036623
"United Arab Emirates",20,6.901,29.2538,78,10,6.3,665,3.6725,7,19.02,3,5,32,2103036,22.2646592750251,94,97.5,99.6,99.6,1.6,90.4,33.7000007629395,63.4000015258789,93.3000030517578,92.9000015258789,80.8000030517578,80.5,0.0127094368304477,7900,1.08441952328622,2.58875e+11,13.81354354507,2.68515e+11,54.3775941143452,178.061544689901,6.1,603,6,11,6,1.03930833547671,108.685873205742,0.509332470845006,13.8337747199333,85.12691694459,26.3237443318884,28.3,9,2,6.8,0.47,49.946179508892,417,90,1338752,-1.4064566417632,2675,294.404476973113,6,2,83600,4,5,7,43.5,524,35,2,8,7,12,14.8,8.60000038146973,2.70000004768372,7747387,0.844132983956454
"United Kingdom",21,6.867,15.3342,1220,10,0.3,1005,0.607729626878255,8,3.9,4,4,6,33238083,52.3523137796874,93,99.2,100,100,12,91.61,56.5,61.2999992370605,82.1999969482422,68.599998474121,76.4000015258789,62.0999984741211,0.0174444551171539,5700,2.8877431863709,4.61906e+11,3.41471888219681,6.52956e+11,75.7808295045914,123.581084629246,3.7,2880,75,11,5,17.4985778317594,266.648931509114,0.627596411582549,17.7023633952144,64.7990587730262,50.7387502590494,100,9,6,0,1.92,81.3411085688445,117161,141,11389307,-0.795253804512084,83298,1291.2341419309,6,7,243610,8,6,7,105,437,79,21.5,6,8,110,33.5,5.80000019073486,6.69999980926514,53121069,0.935313098580554
"United States",15,7.119,24.1102,715,7.4,1.2,1224,1,8,9.39,3,5,7,129417800,40.1192243834444,91,100,99.2,99.4,3.1,87.36,49.5999984741211,52.2999992370605,77.4000015258789,68.8000030517578,71.8000030517578,62.4000015258789,0.0263129283690434,3800,0.0228354061717814,1.62342e+12,0.355879663734585,2.34519e+12,52.9986115874194,98.4068577995705,5.7,21613,560,12,6,14.3897106161988,34.8575943818038,0.742746143848123,19.0573787208619,66.5529106629393,50.4482711295613,100,15.8,4.4,0,0.76,81.8313906101231,267222,4986,59157550,-0.169374994082028,493656,1548.20472280845,6,11,9831510,10.6,6,6,80.6,420,89.6,15.2,5.6,6,175,43.8,6,6.40000009536743,259699506,0.951688920701319
"Uruguay",32,6.485,56.5144,1300,3,23.1,1125,23.2461,8,5.76,6,7,88,1082903,31.6759265380288,96,96.3,99.6,100,30,61.46,46.7999992370605,64.4000015258789,85.8000030517578,76.8000030517578,76.599998474121,65.8000030517578,0.0311884875981128,3200,0.237442606018755,10529215606,2.74453598183495,15851425285,49.4377978986035,160.79514574864,9.1,441,7,12,6,14.3329055924874,19.5378585304537,0.338250791014438,21.6135850804617,64.053509327051,51.7461535492157,100,21,8,84.6,1.8,72.6562461194894,272,124,165778,-3.08853493459769,326,95.3351292990002,5,4,176220,31,6,6,251,725,48,66,6.5,15,312,41.8,9.10000038146973,5.30000019073486,3253738,0.516029467952552
"Vietnam",75,5.36,38.1194,1821,7,5.3,610,21148,6,5.71,5,8,93,5562200,6.01007311247134,97,76.3,96.4,98.7,140,48.31,61.0999984741211,66,85.8000030517578,82.5,82.5,77.6999969482422,0.115190481595912,870,0.000279853820605505,1.43039e+11,-0.000303796580655218,1.44558e+11,54.0700639997468,147.1108876642,17.8,28092,860,11,6,6.62109498793475,292.611345825136,1.13180794177695,23.1071517888696,70.2717532231957,50.5482262499543,1.4,10,5,41.8,1.04,88.7272690281724,0,313418,60833558,0.17885562977197,1076,11.8593629450017,10,7,330972,32,5,7,166,400,115,57.5,34,21,872,40.8,2.5,2,29896442,3.0993832481201
"Zambia",85,5.129,93.0156,1020,4,31.9,5165,6.1528,7,5.04,7,8,91,114420,0.761733471575332,85,43.7,64.6,85.7,406,17.34,63.9000015258789,69.599998474121,85.9000015258789,85.599998474121,79.599998474121,79.3000030517578,1.31716217650297,76,0.0149482863179667,8249997890,12.3029989848871,8975259132,17.2200170290963,67.3381642582832,44.7,26925,1500,14,7,2.91896182151869,21.148176596403,3.06964015478856,46.0924108073973,50.988627371084,50.0775538069489,7.3,10,5,0,1.68,85.2803753519571,25578,316,9358601,2.32487413253289,54,3.43482105822639,6,7,752610,37,7,5,208,611,117,45,7.5,51,177,15.5,11.5,14.8000001907349,6362742,4.1752536036073
"Zimbabwe",115,4.61,110.4018,657,8,114.6,4265,1,4,9.34,7,8,153,329475,2.25678241973516,92,37,77.1,97.1,278,19.89,77,81.9000015258789,90.8000030517578,90,87.8000030517578,86.6999969482422,1.78696700976917,56,3.87779765454897,2729942777,0.019286224163884,4980520545,13.6297433053976,80.8164213071495,47.6,25775,2200,13,6,3.00116982615931,39.4102494506915,2.30745117689618,41.583794414941,55.4150357588997,50.7123018026867,29.7,10,5,0,1.56,92.8888871934679,6079,22494,10290800,2.53438211017796,69,4.52582029672983,9,5,390760,49,7,6,448,410,106,36,90,53,242,32.5,5.40000009536743,5.30000019073486,4955055,1.83779349660373
